mortality,poverty,headstart
0,2.237187385559082,1
0,2.1899614334106445,1
0,2.1511645317077637,1
0,2.1031687259674072,1
10.563008308410645,2.063854455947876,1
0,1.9739000797271729,1
6.123698711395264,1.9455881118774414,1
0,1.903270959854126,1
7.837604999542236,1.861527442932129,1
8.958165168762207,1.8587419986724854,1
0,1.818406105041504,1
8.07917594909668,1.7797434329986572,1
6.366993427276611,1.7781435251235962,1
6.385695934295654,1.7748934030532837,1
0,1.7583742141723633,1
0,1.7463304996490479,1
0,1.7047899961471558,1
4.132743835449219,1.6746240854263306,1
0,1.6641230583190918,1
0,1.6640795469284058,1
0,1.648058533668518,1
0,1.5951120853424072,1
6.6374616622924805,1.5938410758972168,1
0,1.5679033994674683,1
0,1.5653009414672852,1
0,1.5339800119400024,1
0,1.4856958389282227,1
0,1.4800195693969727,1
0,1.4683656692504883,1
0,1.4644815921783447,1
6.8572998046875,1.4487093687057495,1
13.03186321258545,1.4419488906860352,1
0,1.4287950992584229,1
0,1.4261469841003418,1
5.355899333953857,1.4121484756469727,1
3.3575074672698975,1.4078302383422852,1
0,1.3877077102661133,1
0,1.3839259147644043,1
0,1.3727540969848633,1
0,1.3653086423873901,1
0,1.3578814268112183,1
0,1.331672191619873,1
2.4800972938537598,1.3260812759399414,1
10.18537425994873,1.3252527713775635,1
0,1.3212534189224243,1
0,1.317234992980957,1
0,1.3120135068893433,1
0,1.2804148197174072,1
0,1.2797609567642212,1
0,1.2705035209655762,1
9.044044494628906,1.2686350345611572,1
0,1.2410273551940918,1
7.2817301750183105,1.2329005002975464,1
3.029844045639038,1.216503381729126,1
10.471203804016113,1.1913104057312012,1
0,1.18873929977417,1
0,1.1807520389556885,1
0,1.1558359861373901,1
0,1.148627758026123,1
10.33271312713623,1.1470370292663574,1
9.334453582763672,1.1419779062271118,1
10.206164360046387,1.1344530582427979,1
0,1.092608094215393,1
0,1.0831888914108276,1
0,1.0547655820846558,1
18.971731185913086,1.0516268014907837,1
0,1.020458459854126,1
3.4775350093841553,1.0099451541900635,1
2.9663028717041016,0.9991182684898376,1
0,0.9699602723121643,1
0,0.9489580392837524,1
0,0.9427378177642822,1
0,0.9379549622535706,1
0,0.9355852603912354,1
10.098969459533691,0.930114209651947,1
0,0.9209436774253845,1
0,0.9109827280044556,1
0,0.9070093631744385,1
16.363933563232422,0.9063875675201416,1
0,0.8881571292877197,1
0,0.8864748477935791,1
0,0.8644510507583618,1
0,0.848736047744751,1
0,0.8397631049156189,1
0,0.8387644290924072,1
7.257421016693115,0.838653028011322,1
7.392621994018555,0.8163133859634399,1
0,0.8156046271324158,1
0,0.8148691654205322,1
0,0.8144968748092651,1
0,0.8092165589332581,1
29.895366668701172,0.7900911569595337,1
0,0.7895273566246033,1
0,0.7844591736793518,1
0,0.7841188907623291,1
0,0.7719492316246033,1
15.820281982421875,0.7686785459518433,1
0,0.7681261301040649,1
0,0.7670176029205322,1
8.561643600463867,0.7592753171920776,1
13.93533992767334,0.7572756409645081,1
11.614401817321777,0.7502901554107666,1
0,0.7362932562828064,1
0,0.7316912412643433,1
0,0.7217386960983276,1
0,0.7215128540992737,1
0,0.7179132699966431,1
0,0.7147883176803589,1
0,0.7139177918434143,1
9.766578674316406,0.7076685428619385,1
0,0.6917116641998291,1
0,0.6889101266860962,1
4.762434005737305,0.6855501532554626,1
10.98659610748291,0.6842775940895081,1
3.8352749347686768,0.6780833005905151,1
0,0.6666033267974854,1
0,0.6598566770553589,1
5.810237407684326,0.6594446897506714,1
0,0.6539812684059143,1
0,0.6538683176040649,1
0,0.6489900946617126,1
4.108463287353516,0.6447244882583618,1
0,0.6411532163619995,1
0,0.6374491453170776,1
5.821399688720703,0.6290598511695862,1
9.44465446472168,0.6224504709243774,1
5.88893461227417,0.6221605539321899,1
0,0.6181040406227112,1
0,0.6049349308013916,1
0,0.5934481024742126,1
0,0.5891527533531189,1
2.1852874755859375,0.5848971009254456,1
0,0.5828989744186401,1
0,0.5719179511070251,1
8.393486976623535,0.5709719061851501,1
0,0.5704103708267212,1
0,0.5700548887252808,1
0,0.5679827332496643,1
0,0.5563013553619385,1
0,0.5486025214195251,1
0,0.5410654544830322,1
0,0.5371385812759399,1
0,0.5364618897438049,1
0,0.5296458005905151,1
6.0685133934021,0.5289949774742126,1
0,0.527923047542572,1
0,0.5252894163131714,1
5.515415668487549,0.5206560492515564,1
0,0.5199129581451416,1
0,0.5172182321548462,1
0,0.514782190322876,1
0,0.5143610239028931,1
0,0.5134592652320862,1
0,0.5094683170318604,1
0,0.49641138315200806,1
2.293630599975586,0.49462074041366577,1
0,0.4895166754722595,1
7.293945789337158,0.48583856225013733,1
4.103574275970459,0.4777563512325287,1
0,0.47441354393959045,1
0,0.4631388187408447,1
0,0.4627840518951416,1
8.488964080810547,0.455159991979599,1
0,0.4524195194244385,1
13.984058380126953,0.45171302556991577,1
0,0.44800668954849243,1
0,0.4461985230445862,1
0,0.4456842839717865,1
0,0.4416605532169342,1
0,0.4384939670562744,1
0,0.43787866830825806,1
6.286935806274414,0.4284552037715912,1
0,0.4201529026031494,1
1.8716777563095093,0.4197496771812439,1
0,0.4160681366920471,1
0,0.4129496216773987,1
0,0.41221222281455994,1
20.50440788269043,0.41171973943710327,1
4.964996814727783,0.40731415152549744,1
0,0.40636277198791504,1
0,0.40460342168807983,1
0,0.39860519766807556,1
4.048910617828369,0.39816537499427795,1
0,0.3873857855796814,1
0,0.37794938683509827,1
0,0.37710824608802795,1
0,0.37629419565200806,1
12.373174667358398,0.3745306432247162,1
0,0.3729948401451111,1
20.53388023376465,0.36235490441322327,1
0,0.3591635227203369,1
8.459521293640137,0.3530401587486267,1
0,0.3529001772403717,1
0,0.35270029306411743,1
2.6321330070495605,0.34568580985069275,1
0,0.3396616578102112,1
7.285178184509277,0.3392576575279236,1
0,0.3342115879058838,1
2.996434211730957,0.33212608098983765,1
8.491127014160156,0.3274107575416565,1
0,0.32436928153038025,1
0,0.3242807984352112,1
0,0.3214491307735443,1
7.833102703094482,0.3202471137046814,1
5.277323246002197,0.3189966678619385,1
0,0.31828102469444275,1
0,0.31705576181411743,1
0,0.31534257531166077,1
6.211180210113525,0.3136400580406189,1
0,0.31027132272720337,1
0,0.29433655738830566,1
0,0.2932703495025635,1
0,0.2910822331905365,1
15.092061996459961,0.2902349829673767,1
0,0.285442590713501,1
3.3684778213500977,0.2853666841983795,1
7.233273029327393,0.28351694345474243,1
5.825129508972168,0.2772013247013092,1
0,0.27711930871009827,1
0,0.27222999930381775,1
0,0.2668325901031494,1
9.457159042358398,0.26666244864463806,1
5.861664772033691,0.2576620578765869,1
14.210600852966309,0.25433143973350525,1
0,0.25009408593177795,1
6.299609661102295,0.2466711550951004,1
0,0.2416536808013916,1
0,0.24117684364318848,1
0,0.23741364479064941,1
13.25381088256836,0.23310799896717072,1
0,0.22911591827869415,1
0,0.2258284091949463,1
14.874312400817871,0.224632129073143,1
0,0.221031054854393,1
0,0.21980653703212738,1
0,0.20957855880260468,1
0,0.2072092592716217,1
0,0.20234094560146332,1
0,0.20220017433166504,1
3.917267322540283,0.1979319155216217,1
0,0.19771714508533478,1
0,0.1947256624698639,1
0,0.1930067539215088,1
0,0.18514275550842285,1
0,0.18209366500377655,1
4.6146745681762695,0.17646470665931702,1
0,0.1714380830526352,1
0,0.16778664290905,1
4.182175636291504,0.16495156288146973,1
0,0.15770211815834045,1
8.869179725646973,0.15679650008678436,1
0,0.15615983307361603,1
0,0.15487389266490936,1
0,0.15456528961658478,1
0,0.13633714616298676,1
4.325633525848389,0.13188348710536957,1
0,0.12911629676818848,1
4.436163425445557,0.1276831179857254,1
0,0.1254560947418213,1
0,0.11732735484838486,1
8.828462600708008,0.11709924042224884,1
0,0.10732483863830566,1
0,0.10571389645338058,1
0,0.10431923717260361,1
0,0.1032412052154541,1
2.4948232173919678,0.09614815562963486,1
0,0.09430833160877228,1
0,0.08937211334705353,1
0.8791518211364746,0.08260827511548996,1
0,0.08188538998365402,1
0,0.07919793576002121,1
9.94431209564209,0.07875275611877441,1
0,0.06992707401514053,1
0,0.06698174774646759,1
0,0.059630442410707474,1
0,0.056708384305238724,1
0,0.05451264604926109,1
0,0.05044007673859596,1
0,0.04805589094758034,1
0,0.0448484905064106,1
0,0.04237351566553116,1
2.7974374294281006,0.0409369021654129,1
0,0.03471245989203453,1
0,0.031040431931614876,1
0,0.026380397379398346,1
0,0.02237420342862606,1
5.55802583694458,0.016779186204075813,1
0,0.01644730754196644,1
0,0.015009166672825813,1
0,0.012708904221653938,1
0,0.011712887324392796,1
0,0.009966518729925156,1
4.690871715545654,0.006760265678167343,1
0,1.3848876960764755e-6,1
1.6366344690322876,-9.351233020424843e-4,0
9.87118148803711,-0.005171344615519047,0
0,-0.006771228741854429,0
10.287272453308105,-0.01119284424930811,0
1.283576250076294,-0.01616949774324894,0
11.09631633758545,-0.01676764339208603,0
0,-0.02574591338634491,0
0,-0.028282687067985535,0
14.165308952331543,-0.029361484572291374,0
0,-0.030409762635827065,0
0,-0.03436560556292534,0
0,-0.03991255536675453,0
0,-0.04024672135710716,0
6.622077941894531,-0.04350104182958603,0
0,-0.04406218230724335,0
0,-0.04537062346935272,0
0,-0.04863562434911728,0
0,-0.04911589249968529,0
7.894528865814209,-0.05182356759905815,0
0,-0.05286535993218422,0
0,-0.06090369075536728,0
0,-0.06553588062524796,0
0,-0.06938910484313965,0
0,-0.06970114260911942,0
10.557804107666016,-0.07322249561548233,0
0,-0.07353644073009491,0
0,-0.07888121157884598,0
0,-0.07964567840099335,0
7.957982063293457,-0.08123449981212616,0
3.703155040740967,-0.0844724178314209,0
4.285959243774414,-0.08682036399841309,0
0,-0.08703780174255371,0
3.9041149616241455,-0.09564986079931259,0
15.989766120910645,-0.09679083526134491,0
3.4520254135131836,-0.0989045575261116,0
0,-0.10311178863048553,0
0,-0.10399641841650009,0
0,-0.10431037098169327,0
10.797969818115234,-0.10477232933044434,0
0,-0.1051660031080246,0
0,-0.10543646663427353,0
0,-0.10936636477708817,0
8.8805999755859375,-0.10954413563013077,0
8.38644790649414,-0.1134973019361496,0
0,-0.12155241519212723,0
0,-0.12489829212427139,0
65.06180572509766,-0.12553609907627106,0
5.714177131652832,-0.12557768821716309,0
0,-0.12604650855064392,0
0,-0.12866415083408356,0
0,-0.12974180281162262,0
0,-0.13281340897083282,0
10.430791854858398,-0.1365174800157547,0
0,-0.15376600623130798,0
0,-0.16040854156017303,0
0,-0.16091550886631012,0
2.412428855895996,-0.16334737837314606,0
0,-0.1691461056470871,0
0,-0.17300276458263397,0
0,-0.17543233931064606,0
4.329566478729248,-0.177467480301857,0
7.6775431632995605,-0.1786668300628662,0
11.049723625183105,-0.18297934532165527,0
0,-0.1876363307237625,0
0,-0.19502271711826324,0
0,-0.1954854428768158,0
0,-0.19610457122325897,0
8.693384170532227,-0.19874204695224762,0
0,-0.1989034116268158,0
0,-0.20440039038658142,0
0,-0.208046093583107,0
0,-0.20972342789173126,0
0,-0.22176489233970642,0
0,-0.23018468916416168,0
0,-0.23591475188732147,0
0,-0.24017882347106934,0
6.5789475440979,-0.24272093176841736,0
5.678269386291504,-0.24333243072032928,0
5.564365863800049,-0.24779371917247772,0
0,-0.24829649925231934,0
0,-0.2657224237918854,0
7.150007247924805,-0.27705246210098267,0
0,-0.2772180140018463,0
0,-0.2772321105003357,0
7.296074867248535,-0.2786054015159607,0
4.378091812133789,-0.2824903130531311,0
0,-0.283081591129303,0
0,-0.2858560085296631,0
0,-0.2890656888484955,0
0,-0.2894330620765686,0
14.198494911193848,-0.2908360958099365,0
0,-0.29091352224349976,0
0,-0.29278501868247986,0
0,-0.2964654564857483,0
0,-0.29729971289634705,0
0,-0.2981519103050232,0
6.614631652832031,-0.30432409048080444,0
0,-0.30626311898231506,0
0,-0.3242231011390686,0
0,-0.32763800024986267,0
4.216562747955322,-0.3284749388694763,0
0,-0.3328908383846283,0
5.309828281402588,-0.33476346731185913,0
0,-0.3351995050907135,0
6.608948707580566,-0.337582528591156,0
0,-0.3392549157142639,0
9.610301971435547,-0.3412598967552185,0
0,-0.3484853208065033,0
0,-0.3555077910423279,0
0,-0.35986074805259705,0
0,-0.36141639947891235,0
0,-0.3705342710018158,0
6.69792366027832,-0.37064871191978455,0
0,-0.37274259328842163,0
31.87759017944336,-0.3750752806663513,0
3.96557879447937,-0.37684494256973267,0
0,-0.37829717993736267,0
0,-0.38021865487098694,0
0,-0.38416799902915955,0
0,-0.38506636023521423,0
0,-0.3885953426361084,0
5.763688564300537,-0.3898168206214905,0
0,-0.38984808325767517,0
9.233268737792969,-0.3920644223690033,0
4.449784278869629,-0.3936811089515686,0
0,-0.394601970911026,0
0,-0.3953568935394287,0
8.4609527587890625,-0.39804625511169434,0
0,-0.3984643518924713,0
0,-0.3986470699310303,0
7.105553150177002,-0.4033837914466858,0
3.845710039138794,-0.4060388207435608,0
1.2162638902664185,-0.4107934534549713,0
7.1403069496154785,-0.4130246639251709,0
0,-0.41389745473861694,0
0,-0.41479772329330444,0
1.0350145101547241,-0.41495299339294434,0
13.41921615600586,-0.41658148169517517,0
0,-0.42039161920547485,0
0,-0.43014922738075256,0
0,-0.43061691522598267,0
0,-0.431079626083374,0
0,-0.43459296226501465,0
7.1488142013549805,-0.4398972988128662,0
0,-0.45318350195884705,0
0,-0.45493483543395996,0
15.175274848937988,-0.4551908075809479,0
0,-0.4565579891204834,0
0,-0.457241952419281,0
16.380016326904297,-0.45778900384902954,0
0,-0.4594789147377014,0
0,-0.46169179677963257,0
9.024456024169922,-0.46443191170692444,0
5.4618940353393555,-0.4653767943382263,0
0,-0.46766942739486694,0
8.278145790100098,-0.46954435110092163,0
0,-0.4704388976097107,0
5.386189937591553,-0.4710504114627838,0
0,-0.47144752740859985,0
0,-0.47156423330307007,0
8.30151081085205,-0.47708946466445923,0
0,-0.4807423949241638,0
2.9947292804718018,-0.48253417015075684,0
20.663291931152344,-0.48592010140419006,0
0,-0.4923558831214905,0
0,-0.49465805292129517,0
0,-0.4957917630672455,0
0,-0.49747174978256226,0
5.518154621124268,-0.4979085326194763,0
0,-0.5007833242416382,0
0,-0.5033250451087952,0
0,-0.5042802095413208,0
0,-0.5083901882171631,0
0,-0.5137155055999756,0
3.181673526763916,-0.5161813497543335,0
0,-0.5167157649993896,0
8.571918487548828,-0.5186917781829834,0
17.295053482055664,-0.5230546593666077,0
0,-0.5319944024085999,0
0,-0.5343526601791382,0
4.756242752075195,-0.5388898253440857,0
0,-0.5507371425628662,0
4.577287673950195,-0.5515176057815552,0
0,-0.5531731843948364,0
1.325451374053955,-0.5550652742385864,0
0,-0.5585545897483826,0
14.878738403320312,-0.5638943910598755,0
0,-0.5648419857025146,0
0,-0.5669335722923279,0
0,-0.5683789849281311,0
8.888625144958496,-0.570270299911499,0
0,-0.5756353139877319,0
0,-0.5759591460227966,0
7.1772050857543945,-0.5766431093215942,0
1.6611295938491821,-0.5799329280853271,0
0,-0.5805860161781311,0
0,-0.5836465358734131,0
3.34470534324646,-0.5940454006195068,0
6.8119893074035645,-0.597595751285553,0
0,-0.5997308492660522,0
0,-0.6027489900588989,0
4.04547119140625,-0.6093747615814209,0
0,-0.6119958162307739,0
0,-0.6125840544700623,0
0,-0.6167131066322327,0
13.353809356689453,-0.6180940270423889,0
3.2626960277557373,-0.6208485960960388,0
0,-0.6211572289466858,0
2.312619924545288,-0.6230722069740295,0
0,-0.6239117980003357,0
0,-0.6254140138626099,0
20.580366134643555,-0.6301950216293335,0
0,-0.6314564943313599,0
6.968155384063721,-0.6320653557777405,0
0,-0.6333242058753967,0
6.666666507720947,-0.6360608339309692,0
3.2119226455688477,-0.6361173391342163,0
0,-0.6368680596351624,0
0,-0.6414258480072021,0
3.8317112922668457,-0.6438497304916382,0
5.934013843536377,-0.6463536620140076,0
0,-0.6479642391204834,0
0,-0.6585622429847717,0
0,-0.6617417931556702,0
3.554670810699463,-0.663797914981842,0
2.2871780395507812,-0.6660001277923584,0
0,-0.6683812737464905,0
0,-0.6684850454330444,0
5.921714782714844,-0.6697419881820679,0
0,-0.6698399782180786,0
0,-0.6711629629135132,0
0,-0.6781186461448669,0
5.641748905181885,-0.679087221622467,0
0,-0.6809121370315552,0
5.141916751861572,-0.6820520162582397,0
0,-0.6830049157142639,0
0,-0.685025155544281,0
0,-0.691167950630188,0
4.094333648681641,-0.6939939260482788,0
0,-0.69693922996521,0
5.430159091949463,-0.6980676054954529,0
11.731581687927246,-0.6982041597366333,0
0,-0.6998692750930786,0
0,-0.709360659122467,0
4.36147928237915,-0.7098256349563599,0
0,-0.711100161075592,0
0,-0.7139893770217896,0
4.590946674346924,-0.7158750295639038,0
0,-0.7173742055892944,0
1.2644622325897217,-0.7197957634925842,0
0,-0.721405565738678,0
0,-0.7239503264427185,0
6.865302562713623,-0.72397780418396,0
0,-0.7266942262649536,0
5.091001510620117,-0.7273534536361694,0
0,-0.7318567037582397,0
0,-0.7329652309417725,0
0,-0.738291323184967,0
6.083095073699951,-0.7391297817230225,0
2.329481840133667,-0.739578366279602,0
13.415616035461426,-0.7409864068031311,0
0,-0.7428983449935913,0
0,-0.7431496977806091,0
0,-0.7436524629592896,0
0,-0.7437264919281006,0
0,-0.744364321231842,0
0,-0.7499627470970154,0
7.210325241088867,-0.7516545653343201,0
0.9672209024429321,-0.7573838829994202,0
25.5362606048584,-0.7615018486976624,0
0,-0.7635217308998108,0
0,-0.7652497887611389,0
0,-0.7692021727561951,0
0,-0.7719045281410217,0
10.182262420654297,-0.7807134389877319,0
4.26112174987793,-0.7899060845375061,0
0,-0.7912663817405701,0
6.389368057250977,-0.7940438985824585,0
0,-0.7943601012229919,0
3.5679879188537598,-0.8002797365188599,0
5.517545700073242,-0.8025502562522888,0
0,-0.8142522573471069,0
5.91471004486084,-0.8178586363792419,0
0,-0.8205068111419678,0
6.15081787109375,-0.8292669057846069,0
0,-0.8350942134857178,0
0,-0.8371461629867554,0
0,-0.8386906981468201,0
1.9129968881607056,-0.841070294380188,0
13.664002418518066,-0.8426530361175537,0
0,-0.846506655216217,0
0,-0.8477574586868286,0
10.723860740661621,-0.8490853905677795,0
5.763688564300537,-0.8514329195022583,0
2.6262574195861816,-0.8514420986175537,0
0,-0.8614480495452881,0
0,-0.8654671907424927,0
0,-0.8675423860549927,0
0,-0.8694261312484741,0
0,-0.8743817806243896,0
5.822190284729004,-0.8849828243255615,0
5.169027328491211,-0.8861016631126404,0
7.858546257019043,-0.8864266872406006,0
0,-0.8867207765579224,0
0,-0.8868211507797241,0
5.9070234298706055,-0.8920689821243286,0
0,-0.8968545198440552,0
0,-0.8979684114456177,0
0,-0.8995358943939209,0
0,-0.9009736776351929,0
0,-0.9019803404808044,0
26.1369571685791,-0.9085382223129272,0
6.427561283111572,-0.9100350737571716,0
8.765009880065918,-0.9118592739105225,0
2.201624870300293,-0.9200513362884521,0
6.982264995574951,-0.921554684638977,0
3.0413625240325928,-0.9221516847610474,0
0,-0.9231221675872803,0
0,-0.9270707368850708,0
0,-0.9314904808998108,0
0,-0.932439923286438,0
0,-0.9348588585853577,0
0,-0.9350427389144897,0
9.312721252441406,-0.9384607076644897,0
0,-0.9398359060287476,0
0,-0.9406678676605225,0
0,-0.9432920217514038,0
0,-0.9444490075111389,0
0,-0.9445176720619202,0
0,-0.9501275420188904,0
0,-0.9569684267044067,0
0,-0.9592381715774536,0
0,-0.9598909020423889,0
3.23624587059021,-0.9612573385238647,0
23.044130325317383,-0.963318407535553,0
0,-0.9644105434417725,0
7.437985897064209,-0.967208981513977,0
0,-0.968271791934967,0
0,-0.9683835506439209,0
6.239470958709717,-0.9722009301185608,0
0,-0.9847009181976318,0
13.636983871459961,-0.9861665368080139,0
4.717426300048828,-0.9898698329925537,0
0,-0.9920083284378052,0
5.636025428771973,-0.9999398589134216,0
0,-1.0026617050170898,0
0,-1.011405348777771,0
0,-1.0128705501556396,0
0,-1.0130540132522583,0
0,-1.0151749849319458,0
0,-1.0181885957717896,0
33.704078674316406,-1.0248597860336304,0
0,-1.0329053401947021,0
0,-1.034928321838379,0
10.097949981689453,-1.0402517318725586,0
5.141916751861572,-1.0445512533187866,0
2.43896484375,-1.0445661544799805,0
0,-1.0453882217407227,0
0,-1.051281452178955,0
0,-1.0516328811645508,0
0,-1.0551484823226929,0
0,-1.0565129518508911,0
0,-1.057125210762024,0
0,-1.0606416463851929,0
0,-1.0607144832611084,0
4.435441970825195,-1.061293601989746,0
NA,-1.0639992952346802,0
0,-1.0712693929672241,0
0,-1.0723786354064941,0
5.155081748962402,-1.0741467475891113,0
0,-1.080702304840088,0
6.18410062789917,-1.085556983947754,0
0,-1.0973035097122192,0
0,-1.105025291442871,0
0,-1.1060537099838257,0
0,-1.108627438545227,0
0,-1.1095105409622192,0
3.7777903079986572,-1.111706256866455,0
3.486750364303589,-1.1133569478988647,0
0,-1.1142454147338867,0
0,-1.1174336671829224,0
0,-1.1227293014526367,0
0,-1.12301766872406,0
0,-1.1265984773635864,0
0,-1.127042531967163,0
6.122723579406738,-1.1308919191360474,0
0,-1.133838415145874,0
0,-1.1342294216156006,0
0,-1.1369290351867676,0
0,-1.1410348415374756,0
12.988699913024902,-1.1414865255355835,0
0,-1.1437703371047974,0
5.8847761154174805,-1.1521302461624146,0
0,-1.1530965566635132,0
11.115433692932129,-1.1542832851409912,0
0,-1.1620259284973145,0
5.9014458656311035,-1.1715874671936035,0
0,-1.1742768287658691,0
2.9591052532196045,-1.1764577627182007,0
3.8109755516052246,-1.1780873537063599,0
3.9895474910736084,-1.1916089057922363,0
0,-1.1952592134475708,0
5.593779563903809,-1.195518970489502,0
0,-1.1959569454193115,0
3.842459201812744,-1.1986027956008911,0
12.558869361877441,-1.1992474794387817,0
9.937065124511719,-1.2040002346038818,0
0,-1.206270694732666,0
0,-1.2099080085754395,0
8.410429000854492,-1.2099477052688599,0
0,-1.209997296333313,0
4.01445198059082,-1.2141355276107788,0
0,-1.2162785530090332,0
6.454527854919434,-1.2169885635375977,0
0,-1.2252862453460693,0
0,-1.2254353761672974,0
0,-1.2267427444458008,0
0,-1.2303155660629272,0
0,-1.2303991317749023,0
0,-1.2325398921966553,0
7.724393844604492,-1.2403157949447632,0
0,-1.2434896230697632,0
3.465723991394043,-1.244519591331482,0
0,-1.2454415559768677,0
7.809449195861816,-1.2470494508743286,0
4.582531452178955,-1.2476563453674316,0
0,-1.2479157447814941,0
0,-1.248826026916504,0
0,-1.2514829635620117,0
2.5320942401885986,-1.2518155574798584,0
5.291845321655273,-1.259185552597046,0
0,-1.2592977285385132,0
0,-1.2598168849945068,0
0,-1.260237693786621,0
0,-1.2644059658050537,0
0,-1.265944004058838,0
0,-1.26699960231781,0
0,-1.2683465480804443,0
0,-1.269720196723938,0
0,-1.2744961977005005,0
0,-1.274837613105774,0
4.095004081726074,-1.2749948501586914,0
0,-1.2756261825561523,0
0,-1.2813782691955566,0
0,-1.2815202474594116,0
0,-1.2816495895385742,0
0,-1.2852574586868286,0
7.151796817779541,-1.286932110786438,0
3.4018232822418213,-1.2889142036437988,0
0,-1.2890626192092896,0
5.985873222351074,-1.2899857759475708,0
15.810276985168457,-1.2959614992141724,0
3.1627554893493652,-1.2980611324310303,0
0,-1.2993485927581787,0
0,-1.3035863637924194,0
0,-1.306727409362793,0
0,-1.307497501373291,0
9.70402717590332,-1.3092023134231567,0
0,-1.3095086812973022,0
0,-1.310835838317871,0
4.372349262237549,-1.3119138479232788,0
0,-1.316428542137146,0
0,-1.3164292573928833,0
2.8747196197509766,-1.3165712356567383,0
0,-1.319655418395996,0
0,-1.324598789215088,0
0,-1.3269940614700317,0
0,-1.3274235725402832,0
4.774637222290039,-1.32877516746521,0
0,-1.3295377492904663,0
13.551971435546875,-1.3295698165893555,0
8.970218658447266,-1.3299927711486816,0
0,-1.3333032131195068,0
0,-1.3353997468948364,0
4.364144325256348,-1.3365159034729004,0
6.0390119552612305,-1.337585210800171,0
0,-1.3389432430267334,0
3.658849000930786,-1.3427213430404663,0
4.490950584411621,-1.3446030616760254,0
5.06559944152832,-1.3515324592590332,0
0,-1.3551286458969116,0
4.916420936584473,-1.356197476387024,0
0,-1.3568516969680786,0
0,-1.3573942184448242,0
0,-1.3623639345169067,0
4.107788562774658,-1.3629300594329834,0
0,-1.363356590270996,0
1.552312970161438,-1.3638391494750977,0
0,-1.367322325706482,0
0,-1.367335319519043,0
6.981290340423584,-1.3713399171829224,0
0,-1.373292326927185,0
9.186110496520996,-1.3753091096878052,0
13.328001976013184,-1.3772790431976318,0
0,-1.377868413925171,0
0,-1.3790315389633179,0
2.7902565002441406,-1.3816304206848145,0
0,-1.382014274597168,0
2.611443281173706,-1.3837475776672363,0
0,-1.3847436904907227,0
4.208163738250732,-1.385568380355835,0
4.312761306762695,-1.3870313167572021,0
0,-1.388030767440796,0
0,-1.3910512924194336,0
3.3699533939361572,-1.3956952095031738,0
0,-1.3992921113967896,0
5.65626859664917,-1.4033852815628052,0
0,-1.4038019180297852,0
0,-1.4068849086761475,0
0,-1.4114632606506348,0
0,-1.4177743196487427,0
0,-1.4196816682815552,0
0,-1.423949956893921,0
2.7362775802612305,-1.426750659942627,0
0,-1.4271695613861084,0
0,-1.4286118745803833,0
0,-1.4332746267318726,0
0,-1.4354257583618164,0
10.858352661132812,-1.4408478736877441,0
0,-1.441055417060852,0
0.8192557692527771,-1.4417932033538818,0
0,-1.4524774551391602,0
0,-1.454033374786377,0
0,-1.4541668891906738,0
0,-1.4585556983947754,0
0,-1.4622873067855835,0
0,-1.4652799367904663,0
114.1552505493164,-1.4681119918823242,0
0,-1.468532681465149,0
4.681721210479736,-1.4736738204956055,0
0,-1.4764875173568726,0
3.641130208969116,-1.4771230220794678,0
2.712085008621216,-1.4778321981430054,0
0,-1.4795961380004883,0
0,-1.4812089204788208,0
0,-1.4830751419067383,0
0,-1.4871102571487427,0
4.094222068786621,-1.491711139678955,0
0,-1.4921293258666992,0
7.019021511077881,-1.497441291809082,0
0,-1.5013349056243896,0
3.0258102416992188,-1.5022714138031006,0
5.5673089027404785,-1.5102101564407349,0
6.697474956512451,-1.5104665756225586,0
0,-1.5106408596038818,0
0,-1.5113873481750488,0
0,-1.5115761756896973,0
0,-1.5149240493774414,0
0,-1.5161809921264648,0
0,-1.5169919729232788,0
0,-1.5172094106674194,0
8.611781120300293,-1.5173242092132568,0
4.051535606384277,-1.5229954719543457,0
0,-1.5232598781585693,0
0,-1.5234620571136475,0
5.202642917633057,-1.5237691402435303,0
2.416334390640259,-1.5242959260940552,0
2.4102773666381836,-1.5245381593704224,0
0,-1.5267095565795898,0
7.021978855133057,-1.5269883871078491,0
0,-1.5282644033432007,0
0,-1.5314961671829224,0
23.607175827026367,-1.5318928956985474,0
2.205314874649048,-1.5322877168655396,0
0,-1.5328172445297241,0
11.319900512695312,-1.5347176790237427,0
0,-1.5350171327590942,0
0,-1.5351777076721191,0
0.8875870704650879,-1.5424160957336426,0
4.433410167694092,-1.5437989234924316,0
10.2796049118042,-1.5469189882278442,0
3.157362937927246,-1.5483224391937256,0
0,-1.5558713674545288,0
0,-1.558609962463379,0
0,-1.5601396560668945,0
0,-1.5647797584533691,0
0,-1.565617561340332,0
0,-1.5743482112884521,0
6.9141950607299805,-1.5754563808441162,0
0,-1.5778207778930664,0
3.903733968734741,-1.5795025825500488,0
4.965366363525391,-1.5801362991333008,0
5.009768962860107,-1.590877652168274,0
0,-1.5938687324523926,0
2.640821933746338,-1.5956395864486694,0
0,-1.5995690822601318,0
0,-1.6021939516067505,0
0,-1.6024640798568726,0
2.008395195007324,-1.6040005683898926,0
0,-1.6058305501937866,0
0,-1.6064839363098145,0
0,-1.609549880027771,0
1.6098911762237549,-1.6139161586761475,0
0,-1.6185674667358398,0
0,-1.6229424476623535,0
7.066638469696045,-1.623623013496399,0
2.015235185623169,-1.6251660585403442,0
0,-1.6252652406692505,0
0,-1.6283063888549805,0
0,-1.6325783729553223,0
0,-1.6365995407104492,0
2.7555041313171387,-1.6420022249221802,0
4.093059539794922,-1.6430730819702148,0
0,-1.643123745918274,0
0,-1.6462953090667725,0
0,-1.647489309310913,0
0,-1.647618293762207,0
0,-1.6489678621292114,0
19.629011154174805,-1.6501230001449585,0
11.425959587097168,-1.6506173610687256,0
0,-1.6524595022201538,0
0,-1.6545919179916382,0
4.883766174316406,-1.6593133211135864,0
0,-1.6616277694702148,0
0,-1.6628236770629883,0
0,-1.668684959411621,0
1.7660980224609375,-1.668766975402832,0
0,-1.6710877418518066,0
0,-1.6748528480529785,0
0,-1.6770386695861816,0
0,-1.679274082183838,0
6.486766815185547,-1.6881924867630005,0
0,-1.6885476112365723,0
0,-1.6896367073059082,0
0,-1.692305564880371,0
3.688811779022217,-1.6926178932189941,0
0,-1.6935956478118896,0
0,-1.6942743062973022,0
0,-1.695702075958252,0
0,-1.7012009620666504,0
0,-1.7022619247436523,0
0,-1.7036302089691162,0
0,-1.705505132675171,0
0,-1.7090436220169067,0
8.758484840393066,-1.7125985622406006,0
0,-1.7148698568344116,0
0,-1.7154202461242676,0
0,-1.7164205312728882,0
11.796626091003418,-1.7167092561721802,0
0,-1.7177343368530273,0
0,-1.71891188621521,0
6.304772853851318,-1.7222627401351929,0
0,-1.7279504537582397,0
0,-1.729083776473999,0
0,-1.730980396270752,0
0,-1.7348344326019287,0
0,-1.735558032989502,0
0,-1.7358765602111816,0
36.44314956665039,-1.738540768623352,0
0,-1.739188551902771,0
4.312575340270996,-1.742187261581421,0
0,-1.7423077821731567,0
0,-1.7450146675109863,0
0,-1.7456865310668945,0
0,-1.746126651763916,0
0,-1.7505017518997192,0
0,-1.752138614654541,0
0,-1.7527387142181396,0
0,-1.753989577293396,0
0,-1.7567609548568726,0
0,-1.7569642066955566,0
8.88809871673584,-1.7621636390686035,0
0,-1.7645559310913086,0
0,-1.7816834449768066,0
0,-1.7833951711654663,0
12.98701286315918,-1.7845224142074585,0
0,-1.7855801582336426,0
0,-1.7862088680267334,0
9.007791519165039,-1.7872060537338257,0
13.071895599365234,-1.790000319480896,0
0,-1.7918416261672974,0
2.1915886402130127,-1.795271396636963,0
0,-1.8024003505706787,0
0,-1.8034467697143555,0
0.8634758591651917,-1.8037660121917725,0
1.7736471891403198,-1.8060723543167114,0
3.153479814529419,-1.8094861507415771,0
0,-1.8118115663528442,0
0,-1.8154939413070679,0
0,-1.8177990913391113,0
47.1475715637207,-1.822104811668396,0
0,-1.8256661891937256,0
0,-1.8259046077728271,0
1.2699542045593262,-1.8262284994125366,0
0,-1.8270162343978882,0
1.5761187076568604,-1.8287385702133179,0
4.279905796051025,-1.8304532766342163,0
3.901068925857544,-1.8316972255706787,0
0,-1.8347196578979492,0
0,-1.8392319679260254,0
0,-1.8418630361557007,0
0,-1.842188835144043,0
0,-1.8470479249954224,0
0,-1.8488191366195679,0
0,-1.851957082748413,0
0,-1.8526105880737305,0
3.632664918899536,-1.8542462587356567,0
0,-1.856610655784607,0
0,-1.8566697835922241,0
0,-1.8618413209915161,0
0,-1.8618688583374023,0
3.6667308807373047,-1.8628877401351929,0
0,-1.8646321296691895,0
0,-1.8673146963119507,0
0,-1.8673768043518066,0
2.3027148246765137,-1.8683736324310303,0
7.440476417541504,-1.8693947792053223,0
2.2163121700286865,-1.869559645652771,0
3.68636417388916,-1.8731648921966553,0
0,-1.8736741542816162,0
0,-1.8778581619262695,0
0,-1.8785871267318726,0
0,-1.8789883852005005,0
0,-1.882858395576477,0
0,-1.8839982748031616,0
0,-1.8911973237991333,0
0,-1.8932867050170898,0
4.352320194244385,-1.8944066762924194,0
0,-1.8949685096740723,0
0,-1.8957810401916504,0
0,-1.896010398864746,0
4.687353610992432,-1.8961548805236816,0
0,-1.8983476161956787,0
2.3809523582458496,-1.8983583450317383,0
0,-1.8992825746536255,0
0,-1.9024099111557007,0
0,-1.9027299880981445,0
4.5226359367370605,-1.9037370681762695,0
0,-1.9049550294876099,0
0,-1.9068021774291992,0
0,-1.9097081422805786,0
0,-1.9103875160217285,0
0,-1.9115639925003052,0
14.522218704223633,-1.9119988679885864,0
0,-1.9198399782180786,0
3.391900062561035,-1.9204950332641602,0
0,-1.9208097457885742,0
0,-1.9229024648666382,0
0,-1.923419713973999,0
0,-1.9262986183166504,0
2.238438367843628,-1.9283391237258911,0
0,-1.9313157796859741,0
5.402777194976807,-1.9314347505569458,0
4.884720802307129,-1.9332818984985352,0
0,-1.9337228536605835,0
3.5947301387786865,-1.9379117488861084,0
0,-1.94381844997406,0
5.405916690826416,-1.946744680404663,0
0,-1.9492788314819336,0
4.446124076843262,-1.951775074005127,0
0,-1.9518121480941772,0
0,-1.9555954933166504,0
6.006006240844727,-1.9576665163040161,0
0,-1.9586782455444336,0
1.6574677228927612,-1.9643136262893677,0
0,-1.9648991823196411,0
10.81431770324707,-1.9669957160949707,0
0,-1.9683454036712646,0
0,-1.9684762954711914,0
0,-1.9735692739486694,0
14.683479309082031,-1.9776955842971802,0
4.377325534820557,-1.9787557125091553,0
3.4035022258758545,-1.9793672561645508,0
3.660858154296875,-1.9807870388031006,0
0,-1.9820020198822021,0
5.3013834953308105,-1.9820687770843506,0
0,-1.9827271699905396,0
3.8109030723571777,-1.9850667715072632,0
0,-1.9877557754516602,0
0,-1.9881783723831177,0
0,-1.998018741607666,0
11.552680015563965,-2.0046112537384033,0
0,-2.005159854888916,0
0,-2.0056164264678955,0
0,-2.010319232940674,0
0,-2.0106441974639893,0
8.4160919189453125,-2.0112640857696533,0
3.859066963195801,-2.0150740146636963,0
0,-2.017474412918091,0
6.838074207305908,-2.018479347229004,0
6.151827335357666,-2.019727945327759,0
0,-2.0198400020599365,0
2.2202980518341064,-2.020413637161255,0
0,-2.0212926864624023,0
1.0642147064208984,-2.0215044021606445,0
0,-2.021566867828369,0
NA,-2.022404193878174,0
0,-2.0226590633392334,0
0,-2.0229361057281494,0
0,-2.0230088233947754,0
0,-2.025583028793335,0
0,-2.027247667312622,0
6.046314716339111,-2.0275075435638428,0
1.665445327758789,-2.030927896499634,0
5.803269386291504,-2.0327603816986084,0
0,-2.032778263092041,0
0,-2.0341312885284424,0
0,-2.03511643409729,0
6.528054237365723,-2.038926362991333,0
4.541944980621338,-2.0403635501861572,0
0,-2.0409891605377197,0
0,-2.041027545928955,0
0,-2.0412073135375977,0
0,-2.04184889793396,0
0,-2.0445520877838135,0
0,-2.0469467639923096,0
10.006003379821777,-2.0471372604370117,0
0,-2.0517168045043945,0
0,-2.0527241230010986,0
0,-2.05375599861145,0
0,-2.054171085357666,0
0,-2.0557491779327393,0
0,-2.060946464538574,0
0,-2.0612072944641113,0
0,-2.0648393630981445,0
0,-2.0656213760375977,0
0,-2.066610097885132,0
4.275331497192383,-2.0683019161224365,0
4.674936294555664,-2.0762617588043213,0
1.5247156620025635,-2.0792431831359863,0
0,-2.081068515777588,0
0,-2.081207752227783,0
0,-2.092571496963501,0
0,-2.098372459411621,0
0,-2.0990593433380127,0
0,-2.1005659103393555,0
5.2015604972839355,-2.1006853580474854,0
0,-2.102799415588379,0
22.61420249938965,-2.1041440963745117,0
0,-2.1061699390411377,0
0,-2.107203722000122,0
0,-2.108633518218994,0
0,-2.1128435134887695,0
0,-2.119643211364746,0
4.430463790893555,-2.12070369720459,0
0,-2.1252617835998535,0
0,-2.131039619445801,0
0,-2.1313047409057617,0
0,-2.1383469104766846,0
4.131121635437012,-2.141252279281616,0
0,-2.143717050552368,0
0,-2.145249605178833,0
0,-2.148948907852173,0
0,-2.150916814804077,0
6.4970927238464355,-2.152946949005127,0
0,-2.153067111968994,0
0,-2.1545286178588867,0
0,-2.1597917079925537,0
0,-2.1608402729034424,0
0,-2.1618409156799316,0
2.890953302383423,-2.165858268737793,0
10.70549201965332,-2.1691434383392334,0
0,-2.1708710193634033,0
6.657789707183838,-2.177976369857788,0
0,-2.178395986557007,0
0,-2.180835485458374,0
0,-2.181387424468994,0
9.140768051147461,-2.1827309131622314,0
0,-2.1838905811309814,0
33.01419448852539,-2.184293508529663,0
0,-2.1848127841949463,0
9.248126983642578,-2.1864430904388428,0
0,-2.190253973007202,0
0,-2.1910715103149414,0
4.581341743469238,-2.1923534870147705,0
3.272786855697632,-2.1933858394622803,0
3.7639265060424805,-2.1945600509643555,0
2.536911964416504,-2.1950998306274414,0
0,-2.19614315032959,0
1.7016352415084839,-2.1972005367279053,0
0,-2.197388172149658,0
0,-2.2004501819610596,0
0,-2.2025094032287598,0
8.7151031494140625,-2.2026712894439697,0
4.552697658538818,-2.204895257949829,0
0,-2.205082416534424,0
0,-2.2057366371154785,0
0,-2.2057621479034424,0
0,-2.2060883045196533,0
2.0378081798553467,-2.207500696182251,0
5.206435203552246,-2.210850715637207,0
0,-2.2126989364624023,0
10.674636840820312,-2.2148377895355225,0
0,-2.2154030799865723,0
29.30832290649414,-2.2183473110198975,0
0,-2.219675302505493,0
0,-2.2209722995758057,0
10.931350708007812,-2.223384141921997,0
0,-2.224604606628418,0
0,-2.2286884784698486,0
5.369704246520996,-2.2287118434906006,0
0,-2.2300004959106445,0
3.1679656505584717,-2.232224702835083,0
7.9396586418151855,-2.232449531555176,0
0,-2.2363038063049316,0
0,-2.237013101577759,0
0,-2.2374188899993896,0
0,-2.2383835315704346,0
4.977105140686035,-2.2400238513946533,0
0,-2.240654945373535,0
5.037924766540527,-2.2441835403442383,0
1.134992241859436,-2.2461438179016113,0
0,-2.246565818786621,0
2.2310969829559326,-2.2498886585235596,0
0,-2.2506165504455566,0
0,-2.2517120838165283,0
0,-2.252135992050171,0
0,-2.2526140213012695,0
0,-2.2541112899780273,0
0,-2.2559328079223633,0
NA,-2.2575814723968506,0
22.27171516418457,-2.25758957862854,0
0,-2.25795841217041,0
0,-2.258589744567871,0
0,-2.2595102787017822,0
0,-2.2614552974700928,0
12.517210960388184,-2.2638514041900635,0
0,-2.264458656311035,0
8.538980484008789,-2.2644951343536377,0
8.144648551940918,-2.2653133869171143,0
0,-2.2666540145874023,0
0,-2.2693779468536377,0
0,-2.2701706886291504,0
0,-2.2705628871917725,0
7.179781913757324,-2.2710249423980713,0
3.6956734657287598,-2.273703098297119,0
18.246509552001953,-2.2752721309661865,0
0,-2.2755918502807617,0
0,-2.277397394180298,0
4.539058685302734,-2.2776589393615723,0
2.4545297622680664,-2.279158592224121,0
0,-2.2810442447662354,0
0,-2.282297372817993,0
0,-2.2823266983032227,0
0,-2.282402992248535,0
4.90971040725708,-2.2856976985931396,0
0,-2.2863824367523193,0
0,-2.2886102199554443,0
0,-2.2898919582366943,0
0,-2.292264223098755,0
0,-2.2977094650268555,0
0,-2.2997682094573975,0
2.8547935485839844,-2.2998452186584473,0
0,-2.301157236099243,0
7.672830581665039,-2.3034157752990723,0
3.9878768920898438,-2.305732488632202,0
4.669188022613525,-2.306825876235962,0
7.954184055328369,-2.3074612617492676,0
2.036203622817993,-2.3092312812805176,0
0,-2.3138020038604736,0
1.4915578365325928,-2.315941333770752,0
0,-2.316727876663208,0
0,-2.3178822994232178,0
4.421061992645264,-2.3213040828704834,0
0,-2.3222413063049316,0
0,-2.323946475982666,0
1.5885623693466187,-2.327078342437744,0
0,-2.328517198562622,0
0,-2.3297669887542725,0
0,-2.331705331802368,0
0,-2.3322713375091553,0
12.01297378540039,-2.333446741104126,0
0,-2.3359315395355225,0
4.532680511474609,-2.336775779724121,0
0,-2.3369829654693604,0
0,-2.337165117263794,0
73.52941131591797,-2.342867136001587,0
22.10921859741211,-2.3435070514678955,0
0,-2.3440518379211426,0
4.712979316711426,-2.345005989074707,0
0,-2.346287965774536,0
0,-2.3480215072631836,0
0,-2.3493032455444336,0
1.2263919115066528,-2.3508152961730957,0
1.1526447534561157,-2.3517649173736572,0
0,-2.3528966903686523,0
0,-2.3529179096221924,0
0,-2.354451894760132,0
0,-2.3549540042877197,0
0,-2.3573880195617676,0
0,-2.3574259281158447,0
0,-2.357640504837036,0
3.0468297004699707,-2.358253240585327,0
1.6765302419662476,-2.3599648475646973,0
0,-2.3607208728790283,0
0,-2.361680269241333,0
8.4473724365234375,-2.364027261734009,0
0,-2.3653924465179443,0
0,-2.366114616394043,0
6.482141494750977,-2.3730509281158447,0
0,-2.373204231262207,0
0,-2.373810291290283,0
3.494166851043701,-2.3739781379699707,0
0,-2.376171350479126,0
0,-2.379744052886963,0
7.970667839050293,-2.3838067054748535,0
5.371290683746338,-2.3845815658569336,0
0,-2.386770486831665,0
0,-2.3871777057647705,0
6.72675895690918,-2.3877689838409424,0
0,-2.3880884647369385,0
0,-2.3885977268218994,0
5.416824817657471,-2.389601707458496,0
6.041292190551758,-2.389829397201538,0
0,-2.394759178161621,0
0,-2.396977424621582,0
0,-2.400709390640259,0
6.247768402099609,-2.401306629180908,0
0,-2.401970863342285,0
0,-2.403958320617676,0
0,-2.407923698425293,0
6.614631652832031,-2.412491798400879,0
0,-2.4165048599243164,0
6.079520225524902,-2.4180357456207275,0
10.16673469543457,-2.418046712875366,0
0,-2.4207890033721924,0
8.618460655212402,-2.422729969024658,0
6.833168029785156,-2.4234116077423096,0
0,-2.4264626502990723,0
2.7564914226531982,-2.427077293395996,0
0,-2.428975820541382,0
0,-2.430189371109009,0
0,-2.430217981338501,0
5.338743209838867,-2.430603265762329,0
4.204860687255859,-2.432095527648926,0
2.682187557220459,-2.43310284614563,0
0,-2.4395039081573486,0
0,-2.4407453536987305,0
2.755390167236328,-2.4422872066497803,0
2.2201313972473145,-2.443650484085083,0
0,-2.4450666904449463,0
0,-2.445401191711426,0
0,-2.4460198879241943,0
0,-2.4494688510894775,0
2.6941468715667725,-2.452885866165161,0
0,-2.454644203186035,0
0,-2.4558000564575195,0
0,-2.4562482833862305,0
0,-2.4579222202301025,0
0,-2.4585671424865723,0
0,-2.459200859069824,0
8.455229759216309,-2.4594171047210693,0
0,-2.460808753967285,0
3.8057541847229004,-2.4624600410461426,0
0,-2.4668962955474854,0
0,-2.4706308841705322,0
4.1770219802856445,-2.4731061458587646,0
0,-2.4747087955474854,0
0,-2.4747745990753174,0
0,-2.475630044937134,0
0,-2.4778847694396973,0
0,-2.4787545204162598,0
7.617887020111084,-2.47987961769104,0
5.119383811950684,-2.4800446033477783,0
12.354830741882324,-2.480179786682129,0
11.785503387451172,-2.481841802597046,0
2.9160470962524414,-2.4861156940460205,0
0,-2.487973928451538,0
6.011783123016357,-2.488877534866333,0
0,-2.489659547805786,0
5.214035987854004,-2.4902946949005127,0
11.487650871276855,-2.491600513458252,0
0,-2.492239236831665,0
17.385257720947266,-2.4924206733703613,0
0,-2.4952714443206787,0
0,-2.496098518371582,0
0,-2.4975461959838867,0
8.641548156738281,-2.499516010284424,0
0,-2.49967885017395,0
0,-2.499809741973877,0
12.98448371887207,-2.501332998275757,0
0,-2.502516984939575,0
0,-2.5055646896362305,0
3.8955979347229004,-2.5098443031311035,0
0,-2.5118210315704346,0
0,-2.512192964553833,0
3.0577611923217773,-2.5135319232940674,0
0,-2.5164785385131836,0
0,-2.5168118476867676,0
0,-2.5193803310394287,0
0,-2.5200002193450928,0
4.314622402191162,-2.522274971008301,0
0,-2.52359676361084,0
0,-2.5244710445404053,0
0,-2.52752423286438,0
0,-2.529825448989868,0
0,-2.5313451290130615,0
11.721955299377441,-2.531506061553955,0
4.847779750823975,-2.532102346420288,0
1.9437856674194336,-2.5342512130737305,0
0,-2.540334939956665,0
0,-2.5441994667053223,0
0,-2.545079469680786,0
4.664070129394531,-2.5455307960510254,0
0,-2.546612024307251,0
0,-2.549485445022583,0
4.455368518829346,-2.549520969390869,0
0,-2.555997133255005,0
0,-2.556154727935791,0
0,-2.5561585426330566,0
0,-2.560565233230591,0
1.4793227910995483,-2.561026096343994,0
3.028742790222168,-2.5639536380767822,0
0,-2.5642006397247314,0
0,-2.5656938552856445,0
0,-2.5663301944732666,0
0,-2.5686495304107666,0
6.570734024047852,-2.5692148208618164,0
3.6250271797180176,-2.569464921951294,0
0,-2.5724263191223145,0
0,-2.5746591091156006,0
2.1518795490264893,-2.575627565383911,0
0,-2.575849771499634,0
1.3857420682907104,-2.577718496322632,0
1.7048263549804688,-2.5793981552124023,0
0,-2.5800397396087646,0
2.373267650604248,-2.5800974369049072,0
2.679600238800049,-2.5830070972442627,0
0,-2.5858304500579834,0
0,-2.5860745906829834,0
0,-2.5885279178619385,0
0,-2.5885705947875977,0
3.021285057067871,-2.589235782623291,0
0,-2.5894129276275635,0
11.007760047912598,-2.5898754596710205,0
0,-2.5908467769622803,0
0,-2.5923655033111572,0
0,-2.5954430103302,0
2.566372871398926,-2.597417116165161,0
4.6596150398254395,-2.5979223251342773,0
4.2365403175354,-2.5983216762542725,0
0,-2.5990357398986816,0
0,-2.6017885208129883,0
13.13370132446289,-2.6052305698394775,0
0,-2.6059858798980713,0
4.37082052230835,-2.6072657108306885,0
0,-2.608527183532715,0
2.198430299758911,-2.6114046573638916,0
0,-2.6115033626556396,0
0,-2.618792772293091,0
0,-2.6191110610961914,0
0,-2.6201727390289307,0
2.618589401245117,-2.622114419937134,0
9.44287109375,-2.6223013401031494,0
0,-2.6233503818511963,0
0,-2.625936269760132,0
0,-2.6261303424835205,0
0,-2.6263763904571533,0
0,-2.626624822616577,0
0,-2.627804756164551,0
5.02487325668335,-2.632669687271118,0
5.823094367980957,-2.6349313259124756,0
0,-2.635823965072632,0
6.868131637573242,-2.638080358505249,0
0,-2.640331506729126,0
0,-2.6423070430755615,0
0,-2.6429738998413086,0
16.548072814941406,-2.6430838108062744,0
0,-2.643903970718384,0
0,-2.6450376510620117,0
136.05442810058594,-2.6485636234283447,0
0,-2.6500649452209473,0
0,-2.6510496139526367,0
0,-2.6512887477874756,0
0,-2.654726505279541,0
0,-2.6560544967651367,0
1.8673787117004395,-2.656951665878296,0
2.7362775802612305,-2.658602237701416,0
0,-2.6592085361480713,0
0,-2.659848928451538,0
0,-2.66167950630188,0
0,-2.6634457111358643,0
0.6264918446540833,-2.6637730598449707,0
0,-2.6637861728668213,0
4.371584892272949,-2.665304660797119,0
0,-2.6670925617218018,0
0,-2.668728828430176,0
0,-2.668731451034546,0
0,-2.66904616355896,0
0,-2.669743061065674,0
0,-2.67183518409729,0
0,-2.672497272491455,0
0,-2.6757967472076416,0
0,-2.678652763366699,0
1.6589800119400024,-2.6801156997680664,0
0,-2.6804628372192383,0
5.254584789276123,-2.680824041366577,0
2.2493646144866943,-2.6814515590667725,0
1.5164611339569092,-2.684643268585205,0
0,-2.687377691268921,0
0,-2.692234992980957,0
0,-2.693157434463501,0
1.3925249576568604,-2.6936094760894775,0
0,-2.693617820739746,0
0,-2.69407057762146,0
0,-2.6951401233673096,0
0,-2.6954026222229004,0
0,-2.707834482192993,0
0,-2.708090305328369,0
0,-2.708381414413452,0
1.1873382329940796,-2.7097179889678955,0
0,-2.710413932800293,0
0,-2.713151216506958,0
0,-2.713423728942871,0
0,-2.717707872390747,0
0,-2.717893362045288,0
2.1056747436523438,-2.7215893268585205,0
0,-2.721904993057251,0
2.229977607727051,-2.723487377166748,0
0,-2.724080801010132,0
0,-2.724273920059204,0
3.035177707672119,-2.725069999694824,0
0,-2.7252848148345947,0
0,-2.7286996841430664,0
19.346101760864258,-2.7304909229278564,0
0,-2.7312874794006348,0
1.4724613428115845,-2.733990430831909,0
0,-2.7384493350982666,0
0,-2.740492105484009,0
0,-2.740609645843506,0
0,-2.742042064666748,0
0,-2.7437334060668945,0
0,-2.744312047958374,0
2.342139720916748,-2.7466514110565186,0
1.8137134313583374,-2.7468576431274414,0
2.0009071826934814,-2.74814772605896,0
9.613073348999023,-2.749079465866089,0
0,-2.749979257583618,0
0,-2.750483751296997,0
0,-2.7508928775787354,0
0,-2.7516109943389893,0
0,-2.753314256668091,0
0,-2.755068063735962,0
12.168411254882812,-2.757951259613037,0
1.289867639541626,-2.7589046955108643,0
0,-2.758920431137085,0
4.885913848876953,-2.7595417499542236,0
4.492766857147217,-2.760233163833618,0
5.485162734985352,-2.7616801261901855,0
0,-2.761777877807617,0
0,-2.76396107673645,0
0,-2.7640669345855713,0
4.100965976715088,-2.766291856765747,0
0,-2.7676384449005127,0
0,-2.7682182788848877,0
6.720091342926025,-2.7686948776245117,0
0,-2.7722697257995605,0
1.6285319328308105,-2.77339768409729,0
2.929201126098633,-2.7735214233398438,0
0,-2.773653268814087,0
0,-2.7739908695220947,0
0,-2.7761471271514893,0
0,-2.7770795822143555,0
0,-2.7776920795440674,0
0,-2.778769016265869,0
0,-2.7798337936401367,0
5.052801609039307,-2.781113624572754,0
0,-2.781712770462036,0
9.45626449584961,-2.781749963760376,0
8.500510215759277,-2.785562753677368,0
0,-2.785728693008423,0
0,-2.789503574371338,0
0,-2.790048122406006,0
0,-2.791670799255371,0
2.4904894828796387,-2.7949790954589844,0
0,-2.796638250350952,0
0,-2.8004438877105713,0
0,-2.8038322925567627,0
1.6049045324325562,-2.804053783416748,0
2.347665786743164,-2.8051178455352783,0
0,-2.807396411895752,0
2.283991575241089,-2.811582088470459,0
0,-2.8138859272003174,0
0,-2.8150336742401123,0
0,-2.815666675567627,0
0,-2.817244291305542,0
1.7324717044830322,-2.824700117111206,0
7.801985740661621,-2.8249542713165283,0
0,-2.8249661922454834,0
0,-2.8278653621673584,0
0,-2.830937147140503,0
2.2841131687164307,-2.831925630569458,0
8.787345886230469,-2.832534074783325,0
0,-2.8326730728149414,0
0,-2.832995653152466,0
2.759077310562134,-2.8334743976593018,0
3.0469226837158203,-2.834317445755005,0
0,-2.835310697555542,0
1.478319525718689,-2.83575177192688,0
0,-2.8426074981689453,0
0,-2.842690944671631,0
1.1791062355041504,-2.844924211502075,0
0,-2.8453314304351807,0
0,-2.847726583480835,0
8.04052448272705,-2.850066900253296,0
0,-2.8502395153045654,0
0,-2.8526411056518555,0
0,-2.852794885635376,0
0,-2.8555245399475098,0
0.7774598598480225,-2.856752634048462,0
0,-2.8570516109466553,0
0,-2.857362747192383,0
3.0039050579071045,-2.8574819564819336,0
0,-2.8585822582244873,0
7.027406692504883,-2.8589956760406494,0
0,-2.86049485206604,0
0,-2.8619132041931152,0
0,-2.862778425216675,0
0,-2.8634414672851562,0
0,-2.8652737140655518,0
0,-2.8665168285369873,0
0,-2.8682973384857178,0
0,-2.868623971939087,0
0,-2.869283676147461,0
2.48502779006958,-2.869565725326538,0
1.9950920343399048,-2.871631622314453,0
0,-2.87188720703125,0
0,-2.8730051517486572,0
0,-2.8730056285858154,0
13.078734397888184,-2.8733646869659424,0
2.8935184478759766,-2.873997688293457,0
4.181546211242676,-2.874218702316284,0
0,-2.8764102458953857,0
13.340448379516602,-2.8790059089660645,0
0,-2.8794751167297363,0
0,-2.8841781616210938,0
2.6382439136505127,-2.885326623916626,0
0,-2.885793685913086,0
0,-2.8885200023651123,0
6.26487922668457,-2.888756275177002,0
0,-2.889007091522217,0
0,-2.8898911476135254,0
0,-2.893341541290283,0
5.506304740905762,-2.8972866535186768,0
7.384978771209717,-2.898409605026245,0
0,-2.8990824222564697,0
4.745634078979492,-2.9014196395874023,0
0,-2.901545286178589,0
0,-2.9033892154693604,0
2.9168550968170166,-2.906238079071045,0
3.3697831630706787,-2.90993070602417,0
0,-2.911123752593994,0
0,-2.911623477935791,0
0,-2.913278341293335,0
4.011713981628418,-2.9151577949523926,0
7.906388282775879,-2.920163869857788,0
0,-2.9206440448760986,0
0,-2.921908378601074,0
0,-2.9280591011047363,0
2.653047800064087,-2.9282631874084473,0
0,-2.9288785457611084,0
0,-2.9292283058166504,0
0,-2.9299824237823486,0
0,-2.93017840385437,0
0,-2.9340426921844482,0
4.169098854064941,-2.9361488819122314,0
0,-2.9381489753723145,0
0,-2.939204692840576,0
0,-2.939631462097168,0
0,-2.939697504043579,0
0,-2.941532611846924,0
0,-2.943000078201294,0
0,-2.9438652992248535,0
0,-2.9465136528015137,0
0,-2.9465315341949463,0
0,-2.9467556476593018,0
1.1803170442581177,-2.9480152130126953,0
2.069039821624756,-2.94990611076355,0
0,-2.9499971866607666,0
0,-2.95033597946167,0
0,-2.95036244392395,0
1.8497965335845947,-2.952699661254883,0
0,-2.9528300762176514,0
0,-2.953282117843628,0
0,-2.954667329788208,0
0,-2.9572951793670654,0
0,-2.9577910900115967,0
0,-2.958885431289673,0
0,-2.9590392112731934,0
0,-2.9642436504364014,0
0,-2.9653899669647217,0
0,-2.965623140335083,0
0,-2.9657115936279297,0
0,-2.9672048091888428,0
3.8550500869750977,-2.9674789905548096,0
5.804336071014404,-2.9675204753875732,0
28.801843643188477,-2.9681687355041504,0
0,-2.9684650897979736,0
2.001384973526001,-2.969343423843384,0
0.8601336479187012,-2.9703938961029053,0
0,-2.970597267150879,0
0,-2.9730944633483887,0
0,-2.9756767749786377,0
0.4200868606567383,-2.977017641067505,0
0,-2.979886293411255,0
0,-2.9799258708953857,0
3.1448190212249756,-2.9801130294799805,0
2.8470075130462646,-2.9806904792785645,0
4.793633937835693,-2.981241464614868,0
0,-2.9814658164978027,0
0,-2.9827682971954346,0
13.403029441833496,-2.98488450050354,0
0,-2.985421657562256,0
0,-2.985806703567505,0
2.663665533065796,-2.9867868423461914,0
0,-2.987407684326172,0
0,-2.9881131649017334,0
1.8896329402923584,-2.988922595977783,0
0,-2.989506959915161,0
9.885050773620605,-2.9901881217956543,0
0,-2.990644693374634,0
0,-2.990997314453125,0
11.730205535888672,-2.9930574893951416,0
0,-2.9931797981262207,0
0,-2.9941043853759766,0
8.96619701385498,-2.9958479404449463,0
0,-2.9962944984436035,0
0,-2.997184991836548,0
0,-2.9980111122131348,0
5.919961929321289,-2.9983274936676025,0
2.714256525039673,-3.0011589527130127,0
2.546311140060425,-3.003145694732666,0
0,-3.0042002201080322,0
0,-3.0048232078552246,0
3.738457441329956,-3.0052058696746826,0
0,-3.0076873302459717,0
2.0803170204162598,-3.0081615447998047,0
0,-3.008755922317505,0
0,-3.008918523788452,0
3.659116744995117,-3.0128986835479736,0
0,-3.013716697692871,0
6.904646873474121,-3.014648675918579,0
0,-3.018078088760376,0
0,-3.022162675857544,0
1.6362595558166504,-3.0224361419677734,0
0,-3.024176836013794,0
0,-3.025867223739624,0
0,-3.027130603790283,0
0,-3.027768611907959,0
0,-3.028076648712158,0
0,-3.0297393798828125,0
3.258708953857422,-3.030337333679199,0
0,-3.030582904815674,0
0,-3.030630111694336,0
0.9391787648200989,-3.031203269958496,0
0,-3.0348520278930664,0
0,-3.038665294647217,0
0,-3.038712501525879,0
0,-3.040759325027466,0
30.2755069732666,-3.0424251556396484,0
0,-3.0447874069213867,0
0,-3.0462045669555664,0
15.121729850769043,-3.046363592147827,0
10.665529251098633,-3.046419143676758,0
0,-3.047823667526245,0
0,-3.048182249069214,0
0,-3.049112558364868,0
0,-3.049774169921875,0
0,-3.0545456409454346,0
0,-3.0546185970306396,0
6.820816993713379,-3.0562009811401367,0
5.706785202026367,-3.0578455924987793,0
1.6885521411895752,-3.060307025909424,0
14.486454963684082,-3.060621738433838,0
0,-3.0608017444610596,0
32.06155776977539,-3.061567544937134,0
0,-3.0642316341400146,0
2.660494327545166,-3.065096139907837,0
0,-3.066396474838257,0
0,-3.0679357051849365,0
0,-3.0692734718322754,0
0,-3.0693037509918213,0
2.639427661895752,-3.069793462753296,0
29.45941925048828,-3.0713186264038086,0
0,-3.072014093399048,0
0,-3.0720860958099365,0
2.001013994216919,-3.072307586669922,0
0,-3.0737857818603516,0
5.352029800415039,-3.073806047439575,0
1.7215852737426758,-3.074979782104492,0
0,-3.076284646987915,0
0,-3.076596736907959,0
0,-3.082371473312378,0
4.574565410614014,-3.0828428268432617,0
4.907384395599365,-3.0828464031219482,0
0,-3.0835659503936768,0
8.897588729858398,-3.086449384689331,0
0,-3.0878372192382812,0
0,-3.089747905731201,0
0.4263046979904175,-3.0911290645599365,0
2.8313372135162354,-3.092050075531006,0
0,-3.0922858715057373,0
7.197610378265381,-3.093165636062622,0
0,-3.0936100482940674,0
0,-3.095330238342285,0
3.8520305156707764,-3.0955636501312256,0
0,-3.0971460342407227,0
3.2899065017700195,-3.0975706577301025,0
0,-3.099379777908325,0
0,-3.1008360385894775,0
0,-3.1013071537017822,0
0,-3.1023526191711426,0
0,-3.103877305984497,0
0,-3.1077568531036377,0
0,-3.1084654331207275,0
10.757314682006836,-3.1129682064056396,0
0,-3.113358974456787,0
0,-3.1144278049468994,0
4.867127418518066,-3.1150832176208496,0
1.3516801595687866,-3.1242969036102295,0
0,-3.132284641265869,0
4.387119293212891,-3.134827136993408,0
0,-3.135892152786255,0
0,-3.136124849319458,0
0,-3.138854742050171,0
0,-3.143235445022583,0
0,-3.1443099975585938,0
0,-3.1444404125213623,0
0,-3.1446571350097656,0
0,-3.1456921100616455,0
0,-3.14593505859375,0
0,-3.1461880207061768,0
6.672449588775635,-3.1464755535125732,0
0,-3.147486925125122,0
5.360780715942383,-3.1527562141418457,0
2.0090982913970947,-3.1540892124176025,0
0,-3.1548800468444824,0
1.275363802909851,-3.1558449268341064,0
1.314215898513794,-3.158134698867798,0
0,-3.1584770679473877,0
0,-3.1607887744903564,0
0,-3.1634533405303955,0
0,-3.163992404937744,0
2.4558358192443848,-3.1655170917510986,0
2.982151985168457,-3.1666059494018555,0
0,-3.167571544647217,0
3.7465109825134277,-3.1676886081695557,0
0,-3.1686272621154785,0
1.3040529489517212,-3.1713860034942627,0
0,-3.1727988719940186,0
0,-3.1731836795806885,0
0,-3.1735360622406006,0
0,-3.173539161682129,0
4.069838523864746,-3.174935817718506,0
0,-3.1751625537872314,0
0,-3.1800496578216553,0
10.930753707885742,-3.181278944015503,0
0,-3.1812868118286133,0
2.499812602996826,-3.182683229446411,0
0,-3.184156656265259,0
0,-3.1845219135284424,0
0,-3.1869442462921143,0
0,-3.188056468963623,0
0,-3.189840078353882,0
0,-3.193791627883911,0
0,-3.193859815597534,0
0,-3.1944189071655273,0
0,-3.195801019668579,0
0,-3.1962034702301025,0
2.401190996170044,-3.200676918029785,0
8.7638578414917,-3.2007029056549072,0
12.626794815063477,-3.2009902000427246,0
0,-3.2024731636047363,0
0,-3.2026474475860596,0
3.6559062004089355,-3.205826997756958,0
12.828736305236816,-3.2076189517974854,0
0,-3.2085063457489014,0
0,-3.210373878479004,0
0,-3.212312936782837,0
3.5520193576812744,-3.2123281955718994,0
21.204410552978516,-3.2124056816101074,0
0,-3.215073347091675,0
0,-3.215095281600952,0
0,-3.216505527496338,0
0,-3.216663360595703,0
0,-3.2168221473693848,0
4.299164295196533,-3.218761920928955,0
1.3748539686203003,-3.224356174468994,0
0,-3.224397897720337,0
0,-3.227156400680542,0
0,-3.2278034687042236,0
0,-3.229665517807007,0
0,-3.2305636405944824,0
0,-3.2315587997436523,0
6.207709789276123,-3.238112211227417,0
2.6610608100891113,-3.2385525703430176,0
0,-3.2390849590301514,0
0,-3.241469144821167,0
4.1431884765625,-3.2418384552001953,0
0,-3.242807149887085,0
0,-3.244133710861206,0
0,-3.246617555618286,0
0,-3.2497923374176025,0
0,-3.2507357597351074,0
1.561353325843811,-3.2507824897766113,0
0,-3.2526862621307373,0
0,-3.252955913543701,0
3.8207314014434814,-3.2555878162384033,0
0,-3.25651216506958,0
5.142313480377197,-3.257267475128174,0
0,-3.25830340385437,0
0,-3.2616541385650635,0
0,-3.2616562843322754,0
4.1816511154174805,-3.2624917030334473,0
0,-3.262709617614746,0
0,-3.2638890743255615,0
4.17920446395874,-3.265073299407959,0
0,-3.266275644302368,0
11.520737648010254,-3.2671923637390137,0
26.406126022338867,-3.2705185413360596,0
0,-3.272038698196411,0
0,-3.2730298042297363,0
0,-3.2761690616607666,0
0,-3.2763333320617676,0
0,-3.276390314102173,0
0,-3.277003049850464,0
22.16312026977539,-3.2779011726379395,0
4.256043434143066,-3.278254270553589,0
0,-3.2783305644989014,0
0,-3.2801461219787598,0
0,-3.2820520401000977,0
0,-3.2832000255584717,0
2.514719009399414,-3.2839438915252686,0
0,-3.2865889072418213,0
0,-3.287763833999634,0
0,-3.2880492210388184,0
0,-3.2887558937072754,0
0,-3.2891485691070557,0
1.8901804685592651,-3.291381597518921,0
2.044659376144409,-3.2948195934295654,0
6.364967346191406,-3.2952568531036377,0
9.515653610229492,-3.2957072257995605,0
0,-3.296323299407959,0
1.3968626260757446,-3.297067165374756,0
0,-3.297631025314331,0
0,-3.2982523441314697,0
0,-3.298271656036377,0
0,-3.299182415008545,0
3.2393910884857178,-3.3020811080932617,0
0,-3.3023273944854736,0
0,-3.3023433685302734,0
0,-3.304117441177368,0
3.4772629737854004,-3.3057780265808105,0
7.67047643661499,-3.307568311691284,0
0,-3.3098995685577393,0
0,-3.3103554248809814,0
0,-3.313845634460449,0
2.960664749145508,-3.315004825592041,0
1.7642284631729126,-3.3155860900878906,0
0,-3.3179190158843994,0
0,-3.3204259872436523,0
22.19755744934082,-3.3211004734039307,0
0,-3.3286449909210205,0
0,-3.328803539276123,0
1.3962464332580566,-3.329150438308716,0
16.90331268310547,-3.3323001861572266,0
0,-3.333944797515869,0
0,-3.3341140747070312,0
8.533879280090332,-3.3342175483703613,0
0,-3.3354732990264893,0
3.8939294815063477,-3.3379249572753906,0
0,-3.338679552078247,0
0,-3.3399553298950195,0
3.7221767902374268,-3.3401427268981934,0
0.9931768774986267,-3.340271472930908,0
0,-3.3413889408111572,0
0,-3.344764232635498,0
0,-3.3457558155059814,0
0,-3.346705675125122,0
0,-3.34710431098938,0
0,-3.34808349609375,0
0,-3.350565195083618,0
3.6497015953063965,-3.35111927986145,0
6.940588474273682,-3.3514156341552734,0
0,-3.352468252182007,0
5.936831951141357,-3.3531100749969482,0
5.458515167236328,-3.356539011001587,0
0,-3.3570916652679443,0
1.98378586769104,-3.3572778701782227,0
0,-3.3600027561187744,0
0,-3.3604235649108887,0
0,-3.3610894680023193,0
2.527454376220703,-3.363184928894043,0
0,-3.364201545715332,0
0,-3.3685202598571777,0
0,-3.371187448501587,0
0,-3.375380277633667,0
0,-3.3757035732269287,0
0,-3.3757150173187256,0
0,-3.3775792121887207,0
0,-3.3777410984039307,0
0,-3.378417491912842,0
0,-3.378460168838501,0
3.481045722961426,-3.378739595413208,0
2.0414412021636963,-3.3803536891937256,0
0,-3.3840997219085693,0
8.191349983215332,-3.384573221206665,0
4.320960998535156,-3.3857338428497314,0
0,-3.386115550994873,0
0,-3.3895857334136963,0
0,-3.3897411823272705,0
0,-3.3913567066192627,0
0,-3.3918449878692627,0
0,-3.3935625553131104,0
6.636801242828369,-3.3978140354156494,0
0,-3.398200035095215,0
5.120065689086914,-3.398270606994629,0
0,-3.398681640625,0
0,-3.4027538299560547,0
0,-3.402941942214966,0
0,-3.40583872795105,0
12.362467765808105,-3.407013416290283,0
1.6704623699188232,-3.4092752933502197,0
5.046342372894287,-3.410407304763794,0
0,-3.4104745388031006,0
0,-3.4107069969177246,0
0,-3.4115514755249023,0
25.943702697753906,-3.414583921432495,0
0,-3.4151909351348877,0
0,-3.4182562828063965,0
0,-3.421867609024048,0
5.418684005737305,-3.4230053424835205,0
0,-3.423863649368286,0
0,-3.4240283966064453,0
0,-3.4245657920837402,0
0,-3.4252874851226807,0
0,-3.4261951446533203,0
0,-3.426556348800659,0
0,-3.427659034729004,0
0,-3.429011821746826,0
0,-3.4296631813049316,0
0,-3.430659532546997,0
0,-3.4309332370758057,0
2.592722177505493,-3.432771921157837,0
3.7807183265686035,-3.433011293411255,0
0,-3.434278964996338,0
0,-3.435053825378418,0
5.286250591278076,-3.435225009918213,0
1.9761087894439697,-3.4352264404296875,0
0,-3.4375176429748535,0
0,-3.4379425048828125,0
2.658937931060791,-3.4392900466918945,0
0,-3.4403181076049805,0
0,-3.4405391216278076,0
0,-3.4418747425079346,0
0,-3.444187641143799,0
0,-3.4465696811676025,0
0,-3.448046922683716,0
8.107669830322266,-3.4499685764312744,0
0,-3.4506993293762207,0
1.1698368787765503,-3.451723337173462,0
0,-3.4520046710968018,0
0,-3.4527058601379395,0
0,-3.453594446182251,0
0,-3.4546849727630615,0
2.160457134246826,-3.456789970397949,0
0,-3.458378553390503,0
3.4940600395202637,-3.45987868309021,0
0,-3.460590124130249,0
0,-3.46067214012146,0
0,-3.4606945514678955,0
2.1586616039276123,-3.465442657470703,0
0,-3.4656102657318115,0
2.070779323577881,-3.4656460285186768,0
0,-3.4664127826690674,0
0,-3.4683289527893066,0
0,-3.4683802127838135,0
0,-3.468419313430786,0
0,-3.472987651824951,0
18.09954833984375,-3.4745399951934814,0
0,-3.47605299949646,0
3.594277858734131,-3.47685170173645,0
0,-3.478065013885498,0
5.022097110748291,-3.4782164096832275,0
0,-3.479011058807373,0
2.2721076011657715,-3.479583740234375,0
0,-3.480985164642334,0
0,-3.484086513519287,0
0,-3.48492169380188,0
0,-3.486340045928955,0
2.5564332008361816,-3.4883973598480225,0
0,-3.4900753498077393,0
3.396469831466675,-3.4918456077575684,0
0,-3.4943580627441406,0
0,-3.495145082473755,0
0,-3.4955456256866455,0
3.817012310028076,-3.49592924118042,0
6.265664100646973,-3.4961798191070557,0
0,-3.4982550144195557,0
2.8859195709228516,-3.498750925064087,0
0,-3.499101400375366,0
2.2761385440826416,-3.5002663135528564,0
0,-3.5004305839538574,0
0,-3.502406597137451,0
0,-3.5043694972991943,0
0,-3.5045788288116455,0
0,-3.5072567462921143,0
0,-3.5107338428497314,0
0,-3.5118746757507324,0
1.8332600593566895,-3.514336347579956,0
3.208200216293335,-3.5148766040802,0
0,-3.5150928497314453,0
0,-3.5153868198394775,0
0,-3.5173981189727783,0
1.6736681461334229,-3.5174334049224854,0
12.380834579467773,-3.51766300201416,0
0,-3.5180771350860596,0
0,-3.5198962688446045,0
1.8988664150238037,-3.522810459136963,0
0,-3.526386260986328,0
0,-3.527194023132324,0
0,-3.52826189994812,0
2.70717191696167,-3.528498888015747,0
0,-3.5298430919647217,0
0,-3.5310020446777344,0
3.999040126800537,-3.5332672595977783,0
0,-3.534146785736084,0
0,-3.5345661640167236,0
0,-3.5366623401641846,0
4.581166744232178,-3.5390374660491943,0
0,-3.5421335697174072,0
0,-3.5450403690338135,0
0,-3.5472710132598877,0
0,-3.5479893684387207,0
1.2611613273620605,-3.5485360622406006,0
0,-3.5507538318634033,0
0,-3.553217887878418,0
0,-3.5538556575775146,0
3.1230480670928955,-3.554093599319458,0
0,-3.5547659397125244,0
1.999213695526123,-3.56154465675354,0
0,-3.562840700149536,0
0,-3.5633020401000977,0
2.1684212684631348,-3.56387996673584,0
2.784181594848633,-3.564847469329834,0
0,-3.565943956375122,0
0,-3.5660910606384277,0
7.852499008178711,-3.5677082538604736,0
2.0465800762176514,-3.568387508392334,0
0,-3.569365978240967,0
9.080178260803223,-3.5707848072052,0
3.2515037059783936,-3.571504831314087,0
0,-3.573164939880371,0
0,-3.573315143585205,0
1.4658887386322021,-3.5739052295684814,0
0,-3.574281692504883,0
8.03148365020752,-3.57438325881958,0
0,-3.5764896869659424,0
0,-3.5789647102355957,0
1.2520816326141357,-3.5803425312042236,0
0,-3.5809500217437744,0
5.384739875793457,-3.5810282230377197,0
0,-3.583120107650757,0
2.0941531658172607,-3.5833168029785156,0
0,-3.583380937576294,0
11.94172477722168,-3.585527181625366,0
25.893320083618164,-3.5876095294952393,0
0,-3.588125467300415,0
0,-3.588256359100342,0
1.4887598752975464,-3.588726758956909,0
0,-3.5893948078155518,0
2.828054189682007,-3.5896739959716797,0
0,-3.592466115951538,0
2.306379556655884,-3.5930864810943604,0
2.909006357192993,-3.5950262546539307,0
0,-3.5952577590942383,0
1.5980184078216553,-3.59550142288208,0
0,-3.5957021713256836,0
2.620201826095581,-3.5970897674560547,0
3.9085094928741455,-3.5974514484405518,0
0,-3.6001925468444824,0
2.981692314147949,-3.600233793258667,0
0,-3.600630521774292,0
3.2081100940704346,-3.601245164871216,0
2.1361327171325684,-3.603222131729126,0
0,-3.603257179260254,0
0,-3.604853630065918,0
0,-3.605909824371338,0
0,-3.6059327125549316,0
8.698678016662598,-3.6065750122070312,0
0,-3.6066184043884277,0
0,-3.609018325805664,0
0,-3.611974000930786,0
1.9506268501281738,-3.6179471015930176,0
0,-3.61895489692688,0
0,-3.6189775466918945,0
0,-3.619441509246826,0
0,-3.6220924854278564,0
0,-3.6256539821624756,0
0,-3.6261532306671143,0
2.3522770404815674,-3.6261749267578125,0
1.5557987689971924,-3.6265718936920166,0
7.592437744140625,-3.627406120300293,0
0,-3.6276628971099854,0
0,-3.630518913269043,0
5.742671012878418,-3.634038209915161,0
0,-3.6377341747283936,0
2.2435107231140137,-3.6397647857666016,0
2.073857069015503,-3.639787435531616,0
3.545093536376953,-3.6401264667510986,0
0,-3.640594720840454,0
0,-3.6413159370422363,0
0,-3.6416091918945312,0
1.3302295207977295,-3.6425106525421143,0
31.725889205932617,-3.6438486576080322,0
0,-3.6445915699005127,0
0,-3.646042585372925,0
0,-3.646611452102661,0
2.2518973350524902,-3.6481175422668457,0
0,-3.652271270751953,0
4.971661567687988,-3.6530601978302,0
0,-3.6531224250793457,0
0,-3.6540544033050537,0
0,-3.657588243484497,0
0,-3.658294200897217,0
0.7967841625213623,-3.662635087966919,0
0,-3.662829637527466,0
0,-3.6637423038482666,0
0,-3.667064905166626,0
0,-3.6678719520568848,0
0,-3.668732166290283,0
0,-3.6687824726104736,0
5.7557268142700195,-3.6701576709747314,0
2.925088405609131,-3.671415090560913,0
0,-3.6745431423187256,0
0,-3.6747334003448486,0
0,-3.6752498149871826,0
0,-3.6768224239349365,0
0,-3.676826000213623,0
7.731560230255127,-3.6769444942474365,0
0,-3.680387258529663,0
20.0722599029541,-3.682464361190796,0
1.7871743440628052,-3.684166193008423,0
0,-3.684252977371216,0
5.024620532989502,-3.6872148513793945,0
0,-3.687697172164917,0
0,-3.689201593399048,0
0,-3.6897294521331787,0
0,-3.6906018257141113,0
2.7508046627044678,-3.6909260749816895,0
2.9816627502441406,-3.6910054683685303,0
0,-3.691335439682007,0
2.3400845527648926,-3.6921727657318115,0
0,-3.694403648376465,0
0,-3.695157527923584,0
6.822213172912598,-3.697345018386841,0
0,-3.697725534439087,0
1.8130722045898438,-3.7001469135284424,0
0,-3.7010068893432617,0
0,-3.701201915740967,0
2.394646406173706,-3.7021918296813965,0
0,-3.7033188343048096,0
0,-3.7037429809570312,0
0,-3.704023838043213,0
1.532332181930542,-3.7049527168273926,0
3.2889328002929688,-3.705888032913208,0
0,-3.7061731815338135,0
0,-3.7073612213134766,0
0,-3.7132458686828613,0
0,-3.7143924236297607,0
0,-3.714940309524536,0
9.154994010925293,-3.7152483463287354,0
0,-3.716171979904175,0
0,-3.7255465984344482,0
0,-3.73046875,0
0,-3.7306690216064453,0
0,-3.7360289096832275,0
1.5274871587753296,-3.7367136478424072,0
0,-3.742136001586914,0
4.346125602722168,-3.742931604385376,0
0,-3.7435872554779053,0
0,-3.743640184402466,0
5.1817498207092285,-3.745626926422119,0
0,-3.7458837032318115,0
0,-3.7480251789093018,0
4.095674991607666,-3.7482144832611084,0
0,-3.7521064281463623,0
0,-3.753190517425537,0
2.0384867191314697,-3.7542920112609863,0
5.796765327453613,-3.7551522254943848,0
4.9225921630859375,-3.7551610469818115,0
0,-3.7555904388427734,0
0,-3.7579236030578613,0
11.82942008972168,-3.7582781314849854,0
0,-3.759115219116211,0
0,-3.7604920864105225,0
0,-3.7607128620147705,0
0,-3.7615463733673096,0
15.553309440612793,-3.7625982761383057,0
0,-3.7643630504608154,0
2.641798496246338,-3.7660467624664307,0
0,-3.766404867172241,0
0,-3.76647686958313,0
0,-3.7679905891418457,0
3.595053195953369,-3.7687196731567383,0
0,-3.7700788974761963,0
0,-3.7705655097961426,0
0,-3.770591974258423,0
0,-3.7706053256988525,0
4.152866840362549,-3.770840883255005,0
0,-3.771789789199829,0
0,-3.7719614505767822,0
0,-3.7721364498138428,0
2.389286518096924,-3.772601366043091,0
0,-3.7740767002105713,0
2.2090225219726562,-3.7750072479248047,0
0,-3.77522611618042,0
2.2176883220672607,-3.7792105674743652,0
4.092322826385498,-3.7801287174224854,0
3.5258443355560303,-3.7802982330322266,0
0,-3.780388355255127,0
0,-3.782388687133789,0
4.681319236755371,-3.7826168537139893,0
1.2761776447296143,-3.7865331172943115,0
0,-3.787241220474243,0
0,-3.788879156112671,0
1.9487261772155762,-3.7895498275756836,0
0,-3.7903330326080322,0
0,-3.7928688526153564,0
0,-3.7974181175231934,0
2.445406198501587,-3.7974681854248047,0
6.076441764831543,-3.7989346981048584,0
0,-3.7992615699768066,0
0,-3.80269455909729,0
0,-3.8028452396392822,0
0,-3.8049890995025635,0
0,-3.8052101135253906,0
0,-3.8072216510772705,0
3.0525963306427,-3.8113620281219482,0
0,-3.812469959259033,0
0,-3.8129608631134033,0
0,-3.8132710456848145,0
0,-3.814462900161743,0
3.008695125579834,-3.8159520626068115,0
0.930457592010498,-3.8161468505859375,0
1.350712537765503,-3.8177013397216797,0
3.5847432613372803,-3.8186471462249756,0
0,-3.8187172412872314,0
0,-3.8188228607177734,0
3.7504453659057617,-3.8200697898864746,0
0,-3.8247838020324707,0
0,-3.825014352798462,0
2.3802804946899414,-3.827019691467285,0
1.8670823574066162,-3.8293232917785645,0
0,-3.8293633460998535,0
0,-3.8297274112701416,0
3.271662473678589,-3.8299622535705566,0
0.8927136659622192,-3.8315229415893555,0
0,-3.833096981048584,0
0,-3.8335554599761963,0
0,-3.833984136581421,0
1.0924186706542969,-3.835723876953125,0
0,-3.835815668106079,0
0,-3.83825421333313,0
0,-3.8391754627227783,0
0.808440089225769,-3.8400251865386963,0
0,-3.840132236480713,0
0.9966810345649719,-3.8407785892486572,0
12.50312614440918,-3.843427896499634,0
0,-3.844085693359375,0
0,-3.8447163105010986,0
0,-3.844956874847412,0
0,-3.8486320972442627,0
1.6138924360275269,-3.852430820465088,0
2.0454916954040527,-3.8562872409820557,0
0,-3.858072280883789,0
0,-3.860382318496704,0
0,-3.861100435256958,0
0,-3.8617138862609863,0
3.1186773777008057,-3.8619415760040283,0
0,-3.8632750511169434,0
3.528301239013672,-3.8638718128204346,0
0,-3.8642921447753906,0
0,-3.864755153656006,0
0,-3.8664944171905518,0
2.5334627628326416,-3.8700788021087646,0
2.8733155727386475,-3.870408296585083,0
0,-3.870725393295288,0
2.756035804748535,-3.871490001678467,0
8.878628730773926,-3.87270450592041,0
0,-3.8728084564208984,0
3.6971309185028076,-3.8733789920806885,0
0,-3.8749706745147705,0
2.353661060333252,-3.875253677368164,0
0,-3.8753483295440674,0
2.200244188308716,-3.876551866531372,0
0,-3.877031087875366,0
0,-3.878278970718384,0
0,-3.881512403488159,0
0,-3.881901979446411,0
0,-3.8856167793273926,0
6.7657470703125,-3.886094331741333,0
8.318775177001953,-3.886610269546509,0
0,-3.8873283863067627,0
0,-3.88755202293396,0
2.0599868297576904,-3.889542579650879,0
0,-3.890031576156616,0
5.576312065124512,-3.891180992126465,0
1.7946662902832031,-3.8919103145599365,0
2.7318673133850098,-3.8922300338745117,0
3.6261227130889893,-3.892432928085327,0
1.9967951774597168,-3.896603584289551,0
0,-3.897843360900879,0
0,-3.90037202835083,0
0,-3.900810480117798,0
2.134243965148926,-3.901824951171875,0
0,-3.902022123336792,0
3.202972412109375,-3.902682065963745,0
2.0370748043060303,-3.904982805252075,0
3.152883291244507,-3.9065380096435547,0
0,-3.907897472381592,0
0,-3.908647060394287,0
2.2900588512420654,-3.912966012954712,0
1.962438941001892,-3.9144375324249268,0
0,-3.9163014888763428,0
2.173771381378174,-3.917038917541504,0
0,-3.9180216789245605,0
3.726893424987793,-3.919840097427368,0
1.8415188789367676,-3.9202139377593994,0
8.7298126220703125,-3.920321464538574,0
8.8237886428833,-3.921924352645874,0
2.854696035385132,-3.9234323501586914,0
0,-3.923712968826294,0
0,-3.9252357482910156,0
0,-3.9267282485961914,0
0,-3.926949977874756,0
0,-3.9276130199432373,0
2.3207778930664062,-3.9304823875427246,0
3.5396013259887695,-3.9314956665039062,0
2.0932765007019043,-3.9315741062164307,0
0,-3.931706190109253,0
1.748557448387146,-3.9347405433654785,0
0,-3.935610771179199,0
9.145783424377441,-3.9371559619903564,0
4.526832580566406,-3.937833309173584,0
0,-3.9409000873565674,0
4.563500881195068,-3.9421913623809814,0
0,-3.9428958892822266,0
0,-3.9433774948120117,0
1.1281843185424805,-3.947246789932251,0
0,-3.951371192932129,0
0,-3.9533650875091553,0
2.493879795074463,-3.9540367126464844,0
0,-3.9543988704681396,0
0,-3.954610824584961,0
0,-3.955381155014038,0
3.155967950820923,-3.9630627632141113,0
1.2131240367889404,-3.9644949436187744,0
0,-3.964669942855835,0
0,-3.9662420749664307,0
0,-3.96639084815979,0
4.427913665771484,-3.9689157009124756,0
0,-3.9693377017974854,0
0,-3.9701569080352783,0
1.0237021446228027,-3.9711039066314697,0
0,-3.9726266860961914,0
3.8420655727386475,-3.97375226020813,0
0,-3.974012613296509,0
1.9079357385635376,-3.974604845046997,0
0,-3.9747214317321777,0
0,-3.975423574447632,0
0,-3.976172924041748,0
0,-3.9803266525268555,0
2.1899569034576416,-3.9808189868927,0
0,-3.982419967651367,0
0,-3.9833805561065674,0
0,-3.9836697578430176,0
3.064100980758667,-3.9836819171905518,0
0,-3.983839988708496,0
2.725464105606079,-3.984151601791382,0
0,-3.984998941421509,0
0,-3.9859619140625,0
0,-3.9868369102478027,0
0,-3.991987466812134,0
1.1975904703140259,-3.993177652359009,0
2.3199703693389893,-3.9944682121276855,0
0,-3.995496988296509,0
43.699928283691406,-3.9975435733795166,0
0,-3.9985592365264893,0
1.2564760446548462,-3.9994544982910156,0
0,-3.999830961227417,0
0,-4.002068042755127,0
2.140571355819702,-4.002307415008545,0
4.250887393951416,-4.002449989318848,0
2.1441972255706787,-4.003000736236572,0
3.3017466068267822,-4.00733757019043,0
0,-4.007999897003174,0
0,-4.009062767028809,0
1.998740792274475,-4.00908088684082,0
3.020174980163574,-4.0098876953125,0
3.426828622817993,-4.011201858520508,0
2.4145257472991943,-4.01342248916626,0
0,-4.015942573547363,0
0,-4.01726770401001,0
0,-4.019444465637207,0
0,-4.020692825317383,0
0,-4.022994518280029,0
0.8629294037818909,-4.023437023162842,0
5.161823272705078,-4.023739814758301,0
1.958403468132019,-4.023756504058838,0
6.7272114753723145,-4.026228427886963,0
2.109971761703491,-4.027329444885254,0
0,-4.029426097869873,0
0,-4.030066967010498,0
0,-4.030990123748779,0
2.6498489379882812,-4.031169414520264,0
2.724292039871216,-4.031273365020752,0
0,-4.032276630401611,0
0,-4.033498287200928,0
0,-4.033806324005127,0
2.5080442428588867,-4.039529323577881,0
0,-4.045197486877441,0
2.4372122287750244,-4.045700550079346,0
0,-4.046123504638672,0
0,-4.046144962310791,0
5.449591159820557,-4.047749042510986,0
0,-4.048667907714844,0
0,-4.049083232879639,0
0,-4.049553394317627,0
0,-4.051874160766602,0
1.6600816249847412,-4.05216646194458,0
3.875067710876465,-4.052419662475586,0
0,-4.052576541900635,0
0,-4.053642749786377,0
0,-4.0538740158081055,0
0,-4.05469274520874,0
6.065752983093262,-4.057414531707764,0
1.2066656351089478,-4.058394432067871,0
2.8522531986236572,-4.059517860412598,0
0,-4.060327053070068,0
2.268324613571167,-4.062244892120361,0
5.771228313446045,-4.063931941986084,0
1.3540045022964478,-4.06436014175415,0
3.644779682159424,-4.068515300750732,0
5.9222412109375,-4.069095134735107,0
0,-4.0706586837768555,0
0,-4.070681095123291,0
1.8852273225784302,-4.071194648742676,0
1.0024259090423584,-4.071579456329346,0
1.7436487674713135,-4.071712970733643,0
0,-4.072842597961426,0
0,-4.0757832527160645,0
0,-4.081040382385254,0
0,-4.081785678863525,0
1.4056591987609863,-4.082243919372559,0
2.3452157974243164,-4.0831732749938965,0
0,-4.085441589355469,0
0,-4.087435245513916,0
0,-4.087462902069092,0
0,-4.087957382202148,0
0,-4.088008403778076,0
0,-4.088452339172363,0
0,-4.090357303619385,0
2.283782958984375,-4.090653896331787,0
5.111429214477539,-4.091400146484375,0
0,-4.092576503753662,0
1.608803391456604,-4.093250751495361,0
1.178557276725769,-4.094720363616943,0
0,-4.096659183502197,0
0,-4.096680641174316,0
0,-4.097481727600098,0
5.406428337097168,-4.098344326019287,0
1.4397189617156982,-4.103461742401123,0
1.0516878366470337,-4.103957653045654,0
0,-4.104330539703369,0
0,-4.110474109649658,0
1.246603012084961,-4.1111063957214355,0
0,-4.111947059631348,0
0,-4.112581253051758,0
4.78600549697876,-4.114508628845215,0
2.0796074867248535,-4.114617824554443,0
0,-4.115231037139893,0
1.4828104972839355,-4.116415977478027,0
6.353643894195557,-4.117222309112549,0
0,-4.123401641845703,0
1.7011141777038574,-4.1242828369140625,0
0,-4.1246018409729,0
6.092731475830078,-4.124662399291992,0
1.1169440746307373,-4.125121593475342,0
0,-4.127790927886963,0
0,-4.128897190093994,0
0,-4.129355430603027,0
0,-4.129408359527588,0
0,-4.136446952819824,0
0,-4.137543201446533,0
3.8027150630950928,-4.138277053833008,0
3.2326889038085938,-4.144237995147705,0
3.1676645278930664,-4.146796703338623,0
3.0868327617645264,-4.148891448974609,0
2.8237154483795166,-4.151119232177734,0
0,-4.1539716720581055,0
1.1942437887191772,-4.154540061950684,0
1.0089850425720215,-4.1552734375,0
5.205893039703369,-4.159843921661377,0
0,-4.1625471115112305,0
0,-4.163571357727051,0
0,-4.164146900177002,0
4.500753879547119,-4.16766881942749,0
0,-4.1736249923706055,0
6.730154514312744,-4.1739020347595215,0
6.098304748535156,-4.174437999725342,0
1.7554947137832642,-4.178300380706787,0
5.252100944519043,-4.179220676422119,0
0,-4.179806232452393,0
0,-4.180908679962158,0
0,-4.182348728179932,0
1.1396876573562622,-4.183201313018799,0
0,-4.183468341827393,0
1.1108518838882446,-4.18458366394043,0
2.6271543502807617,-4.1846113204956055,0
0,-4.185546875,0
11.622501373291016,-4.191068649291992,0
0,-4.192653179168701,0
3.3918769359588623,-4.192744731903076,0
0,-4.1940598487854,0
0,-4.195764064788818,0
0,-4.197112083435059,0
0.6986948251724243,-4.1985650062561035,0
0,-4.199980735778809,0
0,-4.2011542320251465,0
2.516090154647827,-4.201436996459961,0
0,-4.2029290199279785,0
0,-4.204433917999268,0
2.0802130699157715,-4.204940319061279,0
0,-4.206628799438477,0
3.070970058441162,-4.20775032043457,0
0.9251036047935486,-4.20866584777832,0
2.9677112102508545,-4.208833694458008,0
2.059096097946167,-4.212602615356445,0
3.1960113048553467,-4.214023590087891,0
0,-4.21419620513916,0
2.644663095474243,-4.217074394226074,0
0.5764486193656921,-4.217319965362549,0
0,-4.2174973487854,0
2.262852907180786,-4.218717098236084,0
1.2302544116973877,-4.219212532043457,0
3.5447165966033936,-4.221580982208252,0
4.992386817932129,-4.223000526428223,0
0.6430888772010803,-4.223071575164795,0
2.74711275100708,-4.224475383758545,0
0,-4.22574520111084,0
0,-4.2266340255737305,0
1.8886454105377197,-4.22669792175293,0
0,-4.228481769561768,0
0,-4.228812217712402,0
0,-4.231334209442139,0
0,-4.231661319732666,0
2.1270854473114014,-4.232954502105713,0
1.2592872381210327,-4.234011650085449,0
2.2846176624298096,-4.2358269691467285,0
1.0835645198822021,-4.238215446472168,0
15.872008323669434,-4.240160942077637,0
0,-4.240504741668701,0
1.1575682163238525,-4.24086332321167,0
0,-4.241257190704346,0
1.7435879707336426,-4.243107795715332,0
3.2401256561279297,-4.24325704574585,0
5.3909807205200195,-4.24348783493042,0
1.5272917747497559,-4.243886947631836,0
0,-4.245082855224609,0
3.168166160583496,-4.245917320251465,0
0,-4.246093273162842,0
1.2904002666473389,-4.246119022369385,0
0,-4.2465500831604,0
2.571780204772949,-4.2473978996276855,0
0,-4.247992992401123,0
0,-4.2501912117004395,0
1.382119059562683,-4.2523579597473145,0
2.5461814403533936,-4.2540082931518555,0
0.7640722990036011,-4.254551887512207,0
3.4202888011932373,-4.2558979988098145,0
17.934001922607422,-4.256128311157227,0
1.970132827758789,-4.258578300476074,0
1.6933797597885132,-4.258713722229004,0
2.553560972213745,-4.261114597320557,0
0,-4.26137638092041,0
0,-4.261435031890869,0
5.667006969451904,-4.26159143447876,0
2.5902507305145264,-4.26375675201416,0
0,-4.265879154205322,0
0,-4.268586158752441,0
0,-4.268701076507568,0
2.568977117538452,-4.270137786865234,0
1.9447379112243652,-4.270504951477051,0
0,-4.2710137367248535,0
0,-4.2726216316223145,0
6.174872398376465,-4.277971267700195,0
0,-4.278268814086914,0
2.6809651851654053,-4.279318332672119,0
6.616382122039795,-4.281149864196777,0
0,-4.281591892242432,0
1.4969910383224487,-4.281741619110107,0
0,-4.281752586364746,0
0,-4.282708644866943,0
0,-4.283215522766113,0
0.8694114685058594,-4.283335208892822,0
0,-4.284127235412598,0
1.7315417528152466,-4.284400939941406,0
0,-4.288268566131592,0
3.5331943035125732,-4.290238380432129,0
0,-4.291604995727539,0
0,-4.292069911956787,0
0,-4.292209148406982,0
1.004530429840088,-4.295305252075195,0
3.233891248703003,-4.296426773071289,0
0,-4.297089099884033,0
4.391068458557129,-4.298226833343506,0
4.293442249298096,-4.299088001251221,0
0,-4.300091743469238,0
1.965099811553955,-4.300235271453857,0
9.401588439941406,-4.303890228271484,0
0,-4.30411958694458,0
9.198362350463867,-4.305691242218018,0
0,-4.308350563049316,0
0,-4.310572624206543,0
2.2295846939086914,-4.312825679779053,0
34.352455139160156,-4.316128730773926,0
0,-4.317844390869141,0
0.7522303462028503,-4.319016933441162,0
1.7773669958114624,-4.320165157318115,0
1.3426711559295654,-4.320657253265381,0
13.444474220275879,-4.323965072631836,0
1.4472408294677734,-4.32413387298584,0
3.260169744491577,-4.324701309204102,0
0,-4.325422763824463,0
1.6326264142990112,-4.3260498046875,0
3.1362709999084473,-4.326552391052246,0
0.5607486963272095,-4.3268938064575195,0
2.7379631996154785,-4.326993942260742,0
0,-4.327913761138916,0
0,-4.331130504608154,0
0,-4.331170082092285,0
4.203269958496094,-4.333521842956543,0
0,-4.334488391876221,0
0,-4.336249828338623,0
0,-4.336904048919678,0
0,-4.336941242218018,0
0,-4.338243007659912,0
2.5377490520477295,-4.339416980743408,0
3.1623053550720215,-4.340102672576904,0
0,-4.340278148651123,0
0,-4.3438639640808105,0
3.378720760345459,-4.344283580780029,0
0.8207552433013916,-4.3443708419799805,0
2.768932580947876,-4.345095157623291,0
2.5367190837860107,-4.3466010093688965,0
2.8870861530303955,-4.346921920776367,0
2.7236452102661133,-4.3469624519348145,0
0,-4.347472190856934,0
0,-4.3479413986206055,0
3.3722262382507324,-4.34804630279541,0
0,-4.349426746368408,0
0,-4.349874019622803,0
0.8053215742111206,-4.350751876831055,0
1.435750126838684,-4.352203845977783,0
2.1313326358795166,-4.353675842285156,0
1.563110589981079,-4.353948593139648,0
2.574068784713745,-4.35844087600708,0
5.517937183380127,-4.3588457107543945,0
2.7575936317443848,-4.359753131866455,0
0,-4.360243797302246,0
0,-4.360826015472412,0
1.8719404935836792,-4.363022804260254,0
3.3060803413391113,-4.363418102264404,0
0,-4.367152690887451,0
4.299734592437744,-4.368351459503174,0
3.4646735191345215,-4.369839191436768,0
3.9609711170196533,-4.371448516845703,0
0,-4.371720314025879,0
0,-4.3723225593566895,0
32.4044075012207,-4.372354030609131,0
0,-4.3725762367248535,0
0,-4.374309539794922,0
0,-4.374525547027588,0
0.9486585855484009,-4.377388000488281,0
0,-4.378588676452637,0
0,-4.381435394287109,0
2.4053494930267334,-4.381657600402832,0
1.505379557609558,-4.38200569152832,0
3.9522957801818848,-4.382875442504883,0
0,-4.384961128234863,0
11.828720092773438,-4.387098789215088,0
1.7469232082366943,-4.387474060058594,0
0.8229842782020569,-4.389555931091309,0
0,-4.391674041748047,0
0,-4.392228603363037,0
1.090997338294983,-4.394008636474609,0
0,-4.39572811126709,0
0,-4.397294998168945,0
3.3100526332855225,-4.398089408874512,0
2.0733840465545654,-4.3986616134643555,0
0.6846360564231873,-4.398988723754883,0
1.2375547885894775,-4.402111053466797,0
0,-4.402575969696045,0
0,-4.403439998626709,0
0,-4.405234336853027,0
1.0311723947525024,-4.40682315826416,0
3.634469509124756,-4.406891822814941,0
2.0199570655822754,-4.406951904296875,0
2.152219295501709,-4.406984806060791,0
1.335006594657898,-4.408970832824707,0
1.239633560180664,-4.411279201507568,0
0,-4.411494731903076,0
0,-4.412620544433594,0
3.324247121810913,-4.413383483886719,0
0,-4.416631698608398,0
0,-4.416667461395264,0
0,-4.417161464691162,0
3.1823318004608154,-4.418615818023682,0
0,-4.420525550842285,0
0,-4.421134948730469,0
0,-4.427810192108154,0
2.4895129203796387,-4.427995204925537,0
3.8951122760772705,-4.431440353393555,0
0,-4.433159828186035,0
0,-4.4346442222595215,0
7.189589500427246,-4.435795783996582,0
0,-4.436154365539551,0
2.470966100692749,-4.438755989074707,0
2.380300521850586,-4.4388346672058105,0
5.093984127044678,-4.43906831741333,0
1.1550945043563843,-4.439664363861084,0
1.9076324701309204,-4.43997859954834,0
0,-4.440385341644287,0
6.528693675994873,-4.440820693969727,0
0,-4.442812442779541,0
1.6183098554611206,-4.442868709564209,0
2.0288503170013428,-4.444469451904297,0
1.8513489961624146,-4.445428371429443,0
2.1324892044067383,-4.4496846199035645,0
0,-4.451228141784668,0
0.9652136564254761,-4.454268932342529,0
0,-4.456283092498779,0
0,-4.456502914428711,0
0,-4.458507537841797,0
17.689722061157227,-4.459907531738281,0
2.577054023742676,-4.46094274520874,0
1.920942783355713,-4.464624404907227,0
2.578249931335449,-4.465294361114502,0
0,-4.469522476196289,0
0,-4.4715046882629395,0
0,-4.472341060638428,0
0,-4.474753379821777,0
9.756573677062988,-4.475762367248535,0
0,-4.476254463195801,0
1.5556957721710205,-4.478759288787842,0
3.6335887908935547,-4.481204986572266,0
0,-4.481584548950195,0
0,-4.4828410148620605,0
0,-4.48610782623291,0
1.409895896911621,-4.489434242248535,0
0,-4.491268634796143,0
0,-4.491268634796143,0
2.7013397216796875,-4.491904258728027,0
10.48218059539795,-4.492177963256836,0
1.7627047300338745,-4.495954513549805,0
0,-4.497281551361084,0
0,-4.497435092926025,0
4.583791732788086,-4.498981952667236,0
1.8031808137893677,-4.499814510345459,0
0,-4.50111722946167,0
3.3152730464935303,-4.503208637237549,0
0,-4.505133152008057,0
0.9676842093467712,-4.509089469909668,0
0,-4.50936222076416,0
0,-4.509827136993408,0
0,-4.510604381561279,0
3.1801557540893555,-4.512468338012695,0
1.1636431217193604,-4.512745380401611,0
0,-4.513401031494141,0
0,-4.51447868347168,0
0,-4.516617298126221,0
0,-4.516904830932617,0
1.3833491802215576,-4.518801689147949,0
0,-4.52078914642334,0
0,-4.520800590515137,0
0,-4.5235443115234375,0
0,-4.524014472961426,0
2.769622802734375,-4.526874542236328,0
1.1411042213439941,-4.527041912078857,0
0,-4.528831958770752,0
0,-4.528893947601318,0
0,-4.529170036315918,0
0.9683041572570801,-4.533841609954834,0
2.6472535133361816,-4.534776210784912,0
1.9644821882247925,-4.53485107421875,0
1.5285518169403076,-4.537489891052246,0
0,-4.5375847816467285,0
1.7728657722473145,-4.5399041175842285,0
0.69368976354599,-4.540545463562012,0
1.759903907775879,-4.542232990264893,0
1.8333150148391724,-4.543172359466553,0
1.5950380563735962,-4.546467304229736,0
0,-4.546470642089844,0
0.8569494485855103,-4.549098014831543,0
0,-4.55013370513916,0
2.812880277633667,-4.553140640258789,0
0,-4.5545454025268555,0
1.3859373331069946,-4.5584282875061035,0
1.938999056816101,-4.560369491577148,0
2.281477212905884,-4.561115741729736,0
1.7033308744430542,-4.568245887756348,0
2.1251275539398193,-4.568758487701416,0
0,-4.568851947784424,0
1.1643340587615967,-4.57039737701416,0
0,-4.571015357971191,0
2.2725725173950195,-4.57568883895874,0
1.420454502105713,-4.579876899719238,0
3.0772545337677,-4.580298900604248,0
0,-4.584529876708984,0
1.0693013668060303,-4.5928497314453125,0
1.0693013668060303,-4.5928497314453125,0
0,-4.5942769050598145,0
1.425781011581421,-4.594851016998291,0
0,-4.5982441902160645,0
1.6049045324325562,-4.5987019538879395,0
0.9353443384170532,-4.599139213562012,0
0.8144052028656006,-4.599726676940918,0
1.8693597316741943,-4.600732803344727,0
2.2753233909606934,-4.604022979736328,0
2.0710151195526123,-4.6042866706848145,0
1.7180655002593994,-4.604764938354492,0
0.6197514533996582,-4.6053619384765625,0
0.8559885025024414,-4.607270240783691,0
0,-4.608470439910889,0
0.8729050159454346,-4.611763954162598,0
0,-4.6117658615112305,0
1.2958168983459473,-4.613448619842529,0
0,-4.614478588104248,0
1.2832467555999756,-4.614908218383789,0
0.9457859992980957,-4.618280410766602,0
1.8337452411651611,-4.61837100982666,0
0,-4.619638442993164,0
1.4303218126296997,-4.621416091918945,0
3.07663893699646,-4.625243663787842,0
2.654209613800049,-4.627749919891357,0
1.3667114973068237,-4.628329753875732,0
2.288512706756592,-4.628413677215576,0
2.0925004482269287,-4.633317947387695,0
2.4303994178771973,-4.633481502532959,0
1.1974470615386963,-4.635958671569824,0
0,-4.6361894607543945,0
0,-4.636439800262451,0
1.6763054132461548,-4.637331485748291,0
0,-4.639767169952393,0
0,-4.641262531280518,0
0.5996426343917847,-4.642458438873291,0
0,-4.6441802978515625,0
0,-4.645901679992676,0
0,-4.646121025085449,0
2.2467703819274902,-4.647587776184082,0
2.8516838550567627,-4.647594451904297,0
1.426533579826355,-4.648783206939697,0
2.3091578483581543,-4.649041652679443,0
0,-4.649981498718262,0
2.5352540016174316,-4.651477336883545,0
0,-4.651547908782959,0
1.4976112842559814,-4.65651273727417,0
1.3501471281051636,-4.656548976898193,0
0,-4.6576361656188965,0
3.7067391872406006,-4.658124923706055,0
0,-4.660501480102539,0
0.7818546891212463,-4.661027908325195,0
0,-4.6628241539001465,0
0,-4.669447422027588,0
1.1082541942596436,-4.669663429260254,0
1.3206400871276855,-4.669935703277588,0
2.250091791152954,-4.674133777618408,0
0.7392458319664001,-4.676453590393066,0
0,-4.677849769592285,0
1.9914519786834717,-4.681737422943115,0
0,-4.683191299438477,0
1.0657260417938232,-4.68530797958374,0
0,-4.6860761642456055,0
0.49868595600128174,-4.688541412353516,0
0,-4.689157962799072,0
0,-4.690252780914307,0
0,-4.693243980407715,0
2.8325490951538086,-4.694820404052734,0
0,-4.695374965667725,0
2.1434123516082764,-4.7025532722473145,0
0,-4.703747749328613,0
0,-4.705376625061035,0
0,-4.7064056396484375,0
1.210662603378296,-4.712120532989502,0
2.654103994369507,-4.714296340942383,0
0.8038116693496704,-4.715519428253174,0
2.506052017211914,-4.716997146606445,0
0,-4.7176361083984375,0
3.2074155807495117,-4.717740058898926,0
0,-4.718931674957275,0
1.1030100584030151,-4.72202730178833,0
0,-4.722221851348877,0
4.156207084655762,-4.723061561584473,0
0,-4.7251176834106445,0
2.910513401031494,-4.732389450073242,0
1.7506389617919922,-4.736441612243652,0
2.7315313816070557,-4.737804889678955,0
2.0046608448028564,-4.737977027893066,0
0.9290399551391602,-4.738196849822998,0
0,-4.741365909576416,0
0,-4.741873741149902,0
1.2851433753967285,-4.7431254386901855,0
0,-4.750644683837891,0
0,-4.752302646636963,0
3.259239912033081,-4.752608299255371,0
1.1150509119033813,-4.754035949707031,0
5.140066623687744,-4.754460334777832,0
2.9549238681793213,-4.757207870483398,0
0,-4.7579731941223145,0
0,-4.759253978729248,0
4.56892204284668,-4.763529300689697,0
2.2662439346313477,-4.769215106964111,0
2.985386610031128,-4.77537202835083,0
0,-4.778458595275879,0
0,-4.780130386352539,0
10.804970741271973,-4.7813849449157715,0
0,-4.781977653503418,0
0.5000849962234497,-4.787148475646973,0
2.6178696155548096,-4.789617538452148,0
0,-4.79421329498291,0
1.2810626029968262,-4.794369220733643,0
2.073068857192993,-4.798483848571777,0
2.926081418991089,-4.803628444671631,0
10.711225509643555,-4.807443618774414,0
0.9593982696533203,-4.807762622833252,0
1.1369268894195557,-4.808291435241699,0
1.5947946310043335,-4.808390140533447,0
0,-4.808396816253662,0
0,-4.809077739715576,0
0,-4.814006805419922,0
1.6553633213043213,-4.819167137145996,0
1.3700319528579712,-4.824154853820801,0
0.8233841061592102,-4.834379196166992,0
0,-4.838758945465088,0
0,-4.847715377807617,0
5.05689001083374,-4.850707054138184,0
2.1266188621520996,-4.858482837677002,0
0,-4.859519004821777,0
2.386336326599121,-4.861759185791016,0
1.7323516607284546,-4.863877296447754,0
0,-4.865358352661133,0
0.7654095888137817,-4.875195503234863,0
1.9914870262145996,-4.879467010498047,0
0.7578037977218628,-4.883861064910889,0
1.8770883083343506,-4.890507221221924,0
0,-4.892189979553223,0
2.1744093894958496,-4.894262313842773,0
0,-4.905645370483398,0
1.5445365905761719,-4.905768394470215,0
1.5987082719802856,-4.916159629821777,0
0,-4.925114154815674,0
2.8918449878692627,-4.926480770111084,0
1.229699730873108,-4.926566123962402,0
2.366879940032959,-4.928886413574219,0
0,-4.933867931365967,0
0.9305712580680847,-4.934398651123047,0
1.5088342428207397,-4.935544013977051,0
0,-4.937896728515625,0
0,-4.942584991455078,0
0.98119056224823,-4.94539737701416,0
0,-4.949742794036865,0
0,-4.959733009338379,0
2.0690226554870605,-4.963217258453369,0
0.8608815670013428,-4.969326496124268,0
0.6389898657798767,-4.969569683074951,0
2.310389280319214,-4.980003356933594,0
1.9983080625534058,-4.995931148529053,0
1.2592931985855103,-5.002737522125244,0
2.581737995147705,-5.012788772583008,0
0.9471266865730286,-5.0149149894714355,0
0,-5.017084121704102,0
2.1562180519104004,-5.024930477142334,0
0.47615987062454224,-5.031892776489258,0
0,-5.03536319732666,0
1.323782205581665,-5.03765869140625,0
2.2047417163848877,-5.053005695343018,0
2.0076961517333984,-5.054687976837158,0
1.9254984855651855,-5.061521530151367,0
2.2042176723480225,-5.062390327453613,0
2.5443458557128906,-5.063150405883789,0
1.851954698562622,-5.0771870613098145,0
4.894842624664307,-5.078433513641357,0
0,-5.090622901916504,0
3.3250997066497803,-5.111976623535156,0
2.2802579402923584,-5.114810943603516,0
2.1498348712921143,-5.116031169891357,0
1.2874717712402344,-5.123569965362549,0
2.0333311557769775,-5.124905586242676,0
2.4776699542999268,-5.129705905914307,0
0,-5.139739036560059,0
1.7067649364471436,-5.152407169342041,0
0.8151553273200989,-5.167524814605713,0
0.6274194717407227,-5.184205055236816,0
2.1343350410461426,-5.190672874450684,0
1.736642599105835,-5.192174434661865,0
2.067589521408081,-5.198521614074707,0
1.9499924182891846,-5.217777252197266,0
0.7611740231513977,-5.22058629989624,0
0,-5.225395679473877,0
0.8764296770095825,-5.231727600097656,0
2.700249433517456,-5.233719825744629,0
2.387113332748413,-5.240875244140625,0
1.7275035381317139,-5.250146865844727,0
1.2963778972625732,-5.251523971557617,0
0.8556051850318909,-5.262334823608398,0
2.590052843093872,-5.290942192077637,0
0,-5.291424751281738,0
2.5013980865478516,-5.371960163116455,0
1.0105723142623901,-5.381947040557861,0
46.12546157836914,-5.385715484619141,0
1.3204082250595093,-5.390858173370361,0
0,-5.703495502471924,0
1.522440791130066,NA,1
NA,NA,1
